34.245 31.208 34.348 31.293 34.350 31.363 34.526 31.526 34.524 31.542 34.477 31.585
35.551 32.396 35.484 32.402 35.403 32.451 35.387 32.493 35.362 32.507 35.304 32.513 35.193 32.534 35.065 32.460 35.011 32.338 34.999 32.281 34.956 32.161 34.971 32.087 34.979 31.992 34.990 31.913 34.978 31.866 34.954 31.841 34.961 31.823 34.983 31.817 35.053 31.838 35.127 31.817 35.198 31.776 35.204 31.750 35.153 31.734 35.035 31.673 34.951 31.602 34.929 31.537 34.873 31.397 34.880 31.368 34.908 31.351 35.101 31.366 35.277 31.423 35.409 31.483 35.451 31.479
35.109 33.084 35.223 33.092 35.309 33.080 35.411 33.076 35.493 33.120 35.533 33.250 35.579 33.271 35.603 33.241
35.787 32.735 35.833 32.820 35.842 32.876 35.888 32.944 35.859 32.989 35.845 33.085 35.825 33.108 35.817 33.133 35.833 33.164 35.827 33.195 35.809 33.209 35.800 33.256 35.785 33.291 35.793 33.334 35.816 33.362 35.841 33.416
34.004 35.065 33.966 35.057 33.903 35.085 33.866 35.094 33.832 35.067 33.792 35.048 33.757 35.040 33.726 35.037 33.675 35.018 33.614 35.023 33.526 35.039 33.476 35.000 33.464 35.005 33.456 35.101 33.424 35.141 33.384 35.163 33.326 35.154 33.248 35.157 33.191 35.173 33.077 35.146 32.986 35.116 32.920 35.088 32.869 35.089 32.784 35.116 32.720 35.145 32.713 35.171
-8.683 27.656 -8.818 27.656 -8.814 27.614 -8.785 27.531 -8.774 27.461 -8.789 27.417 -8.803 27.361 -8.797 27.308 -8.774 27.251 -8.754 27.191 -8.754 27.151 -8.795 27.121 -8.889 27.104 -9.002 27.090 -9.084 27.090 -9.208 27.100 -9.286 27.098 -9.353 27.098 -9.413 27.088 -9.487 27.050 -9.570 26.991 -9.673 26.911 -9.735 26.861 -9.818 26.850 -9.900 26.850 -9.981 26.890 -10.033 26.911 -10.067 26.909 -10.123 26.880 -10.189 26.861 -10.251 26.861 -10.355 26.901 -10.479 26.961 -10.551 26.991 -10.654 27.001 -10.758 27.020 -10.830 27.010 -10.923 27.010 -11.047 26.970 -11.150 26.941 -11.264 26.911 -11.393 26.883 -11.361 26.794 -11.317 26.745 -11.317 26.684 -11.338 26.633 -11.400 26.584 -11.471 26.520 -11.512 26.470 -11.553 26.401 -11.584 26.361 -11.637 26.296 -11.685 26.213 -11.699 26.163 -11.718 26.104 -11.755 26.087 -11.881 26.071 -11.961 26.050 -12.031 26.031 -12.057 25.996 -12.061 25.991 -12.081 25.920 -12.081 25.871 -12.101 25.831 -12.131 25.731 -12.171 25.640 -12.201 25.520 -12.231 25.421 -12.271 25.260 -12.311 25.111 -12.361 24.970 -12.401 24.880 -12.431 24.831 -12.501 24.770 -12.561 24.731 -12.631 24.680 -12.711 24.630 -12.821 24.571 -12.911 24.520 -12.948 24.497 -12.991 24.470 -13.061 24.401 -13.121 24.300 -13.161 24.220 -13.231 24.090 -13.281 24.020 -13.311 23.981 -13.391 23.941 -13.481 23.911 -13.581 23.871 -13.661 23.831 -13.771 23.791 -13.841 23.751 -13.891 23.691 -13.931 23.621 -13.981 23.520 -14.021 23.411 -14.041 23.340 -14.101 23.100 -14.121 22.961 -14.141 22.871 -14.171 22.760 -14.191 22.590 -14.191 22.451 -14.211 22.371 -14.221 22.310 -14.271 22.241 -14.311 22.191 -14.381 22.121 -14.441 22.081 -14.461 22.041 -14.521 21.991 -14.581 21.911 -14.631 21.861 -14.621 21.821 -14.611 21.751 -14.641 21.680 -14.671 21.600 -14.751 21.501 -14.841 21.451 -14.971 21.441 -15.151 21.441 -15.291 21.451 -15.461 21.451 -15.611 21.470 -15.751 21.491 -15.921 21.501 -16.041 21.501 -16.191 21.481 -16.581 21.481 -16.731 21.470 -16.951 21.430 -17.003 21.421
23.605 51.518 23.614 51.525 23.609 51.610 23.647 51.629 23.707 51.641 23.792 51.637 23.864 51.624 23.951 51.585 23.978 51.591 24.127 51.665 24.280 51.775 24.324 51.838 24.362 51.868 24.495 51.883 24.611 51.890 24.685 51.888 24.866 51.899 24.974 51.911 25.067 51.931 25.267 51.938 25.580 51.925 25.786 51.924 25.925 51.914 26.267 51.855 26.394 51.844 26.453 51.813 26.567 51.802 26.773 51.771 26.953 51.754 27.074 51.761 27.142 51.752 27.270 51.614 27.296 51.597 27.348 51.594 27.452 51.606 27.601 51.602 27.690 51.572 27.677 51.490 27.700 51.478 27.741 51.483 27.789 51.529 27.829 51.577 27.859 51.592 28.011 51.560 28.080 51.565 28.144 51.602 28.184 51.608 28.292 51.582 28.425 51.564 28.532 51.562 28.599 51.543 28.648 51.457 28.690 51.439 28.731 51.433 28.793 51.510 28.850 51.540 28.928 51.562 28.978 51.572 29.013 51.599 29.061 51.625 29.102 51.628 29.136 51.617 29.174 51.581 29.230 51.497 29.299 51.413 29.347 51.383 29.470 51.408 29.553 51.435 29.706 51.440 29.909 51.458 30.064 51.482 30.161 51.478 30.220 51.451 30.309 51.400 30.333 51.326 30.450 51.274 30.545 51.265 30.577 51.318 30.633 51.355 30.612 51.406 30.602 51.471 30.561 51.531 30.533 51.596 30.584 51.689 30.640 51.770 30.667 51.814 30.755 51.895 30.846 51.953 30.981 52.046 31.079 52.077 31.168 52.063 31.218 52.050 31.346 52.105 31.574 52.108 31.763 52.101
35.841 33.416 35.787 33.370 35.734 33.333 35.627 33.275 35.603 33.241
35.841 33.416 35.869 33.432 35.915 33.465 35.927 33.500 35.968 33.535 36.022 33.563 36.034 33.585 36.027 33.598 35.972 33.623 35.942 33.668 35.968 33.732 35.986 33.753 36.019 33.784 36.092 33.832 36.150 33.839 36.199 33.840 36.283 33.836 36.349 33.827 36.365 33.839 36.363 33.855 36.282 33.894 36.278 33.925 36.298 33.959 36.355 34.011 36.423 34.050 36.458 34.057 36.535 34.134 36.585 34.221 36.504 34.432 36.456 34.466 36.376 34.495 36.330 34.500 36.326 34.513 36.389 34.567 36.433 34.613 36.384 34.658 36.296 34.679 36.264 34.633 36.151 34.629 35.976 34.629
23.485 53.940 23.559 53.920 23.734 53.912 23.873 53.936 23.944 53.939 24.008 53.932 24.104 53.945 24.191 53.950 24.237 53.920 24.318 53.893 24.479 53.932 24.621 53.980 24.768 53.975 24.789 53.998 24.826 54.119 24.870 54.145 25.046 54.133 25.111 54.155 25.180 54.214 25.284 54.251 25.371 54.251 25.461 54.293 25.506 54.265 25.527 54.215 25.497 54.175 25.510 54.160 25.573 54.140 25.681 54.140 25.749 54.157 25.765 54.180 25.765 54.221 25.748 54.260 25.703 54.293 25.617 54.310 25.558 54.311 25.547 54.332 25.568 54.377 25.620 54.460 25.685 54.536 25.725 54.564 25.732 54.590 25.724 54.636 25.722 54.718 25.781 54.833 25.859 54.919 25.964 54.947 26.093 54.962 26.175 55.003 26.216 55.050 26.231 55.090 26.251 55.124 26.292 55.140 26.601 55.130 26.648 55.204 26.675 55.225 26.734 55.247 26.776 55.273 26.760 55.293 26.681 55.306 26.495 55.318 26.458 55.342 26.470 55.372 26.519 55.448 26.567 55.546 26.591 55.623 26.594 55.668
13.815 48.767 13.770 48.816 13.685 48.877 13.548 48.960 13.441 48.956 13.401 48.978 13.384 49.008 13.339 49.061 13.289 49.097 13.228 49.112 13.141 49.158 13.024 49.260 12.917 49.330 12.813 49.329 12.748 49.366 12.681 49.415 12.632 49.461 12.556 49.575 12.500 49.640 12.457 49.680 12.408 49.713 12.390 49.740 12.450 49.800 12.472 49.830 12.498 49.853 12.513 49.877 12.512 49.896 12.458 49.956 12.384 49.999 12.276 50.042 12.208 50.098 12.182 50.148 12.175 50.176 12.128 50.213 12.090 50.269 12.090 50.302 12.099 50.311 12.135 50.311 12.175 50.288 12.231 50.245 12.277 50.181 12.306 50.206 12.359 50.273 12.453 50.350 12.549 50.393 12.636 50.397 12.706 50.409 12.765 50.431 12.868 50.422 12.943 50.406 12.967 50.416 12.997 50.456 13.016 50.490 13.181 50.510 13.238 50.577 13.270 50.576 13.306 50.586 13.341 50.611 13.375 50.622 13.401 50.609 13.436 50.601 13.473 50.617 13.527 50.693 13.557 50.705 13.701 50.716 13.899 50.761 13.998 50.801 14.097 50.823 14.202 50.861 14.369 50.899 14.377 50.914 14.299 50.953 14.273 50.977 14.256 51.002 14.283 51.029 14.320 51.038 14.367 51.026 14.507 51.010 14.546 50.994 14.560 50.955 14.595 50.919 14.624 50.915 14.614 50.856 14.658 50.833 14.723 50.815 14.766 50.818 14.797 50.842 14.809 50.859
27.352 57.528 27.327 57.525 27.187 57.538 27.033 57.579 26.966 57.609 26.900 57.609 26.820 57.589 26.533 57.531 26.462 57.544 26.298 57.601 26.215 57.663 26.030 57.786 26.015 57.815 25.991 57.838 25.794 57.869 25.721 57.914 25.660 57.920 25.571 57.943 25.340 58.039 25.283 58.048 25.269 58.032 25.273 58.009 25.258 57.996 25.229 57.997 25.175 58.032 25.111 58.063 24.911 58.005 24.839 57.989 24.776 57.985 24.459 57.908 24.362 57.866 24.323 57.871
27.352 57.528 27.470 57.524 27.511 57.508 27.539 57.430 27.673 57.368 27.797 57.317 27.829 57.293 27.838 57.248 27.830 57.194 27.815 57.167 27.763 57.135 27.717 57.055 27.711 56.978 27.639 56.846 27.656 56.843 27.806 56.867 27.849 56.853 27.882 56.824 27.892 56.741 27.941 56.704 27.992 56.645 28.008 56.600 28.103 56.546 28.111 56.511 28.169 56.387 28.192 56.316 28.202 56.260 28.173 56.190 28.148 56.143
21.046 56.070 21.315 56.188 21.653 56.315 21.731 56.326 22.043 56.401 22.085 56.407 22.366 56.393 22.587 56.375 22.773 56.377 22.876 56.396 22.968 56.380 23.043 56.324 23.120 56.331 23.196 56.367 23.613 56.334 23.707 56.335 23.813 56.329 24.008 56.295 24.121 56.264 24.368 56.283 24.474 56.284 24.529 56.296 24.700 56.381 24.773 56.396 24.841 56.411 24.903 56.398 24.944 56.326 25.070 56.200 25.207 56.178 25.586 56.130 25.663 56.105 25.876 55.994 26.004 55.940 26.086 55.897 26.210 55.812 26.281 55.750 26.401 55.704 26.543 55.672 26.594 55.668
20.622 69.037 20.492 69.033 20.117 69.021 20.282 68.934 20.337 68.900 20.348 68.849 20.319 68.754 20.240 68.673 20.147 68.607 19.969 68.542 20.240 68.478 20.056 68.390 19.970 68.356 19.870 68.362 19.691 68.392 19.259 68.465 19.053 68.493 18.868 68.501 18.770 68.500 18.379 68.562 18.303 68.555 18.163 68.528 18.147 68.468 18.156 68.317 18.177 68.201 18.125 68.133 18.073 68.088 17.917 67.965 17.565 68.048 17.325 68.104 17.170 68.030 16.784 67.895 16.586 67.628 16.574 67.620 16.457 67.552 16.307 67.521 16.194 67.505 16.127 67.426 16.282 67.312 16.361 67.252 16.434 67.155 16.421 67.093 16.403 67.055 16.238 66.976 15.884 66.769 15.557 66.552 15.423 66.490 15.484 66.306 15.375 66.252 15.153 66.191 15.040 66.168 14.918 66.154 14.543 66.129 14.610 65.932 14.635 65.845 14.635 65.793 14.596 65.743 14.550 65.646 14.480 65.301 14.426 65.264 14.352 65.171 14.115 64.946 13.925 64.797 13.650 64.582 13.874 64.514 14.078 64.464 14.120 64.388 14.148 64.260 14.141 64.174 14.063 64.096 14.003 64.041 13.961 64.014 13.671 64.041 13.300 64.075 13.203 64.075 12.988 64.050 12.793 64.000 12.690 63.957 12.662 63.940 12.533 63.844 12.302 63.671 12.175 63.596 12.212 63.492 12.000 63.292 12.139 63.089 12.145 63.083 12.218 63.001 12.141 62.948 12.109 62.919 12.120 62.826 12.140 62.721 12.122 62.660 12.115 62.592 12.303 62.286 12.301 62.214 12.292 62.167 12.234 61.977 12.155 61.721 12.292 61.653 12.487 61.573 12.596 61.541 12.757 61.446 12.881 61.352 12.864 61.290 12.828 61.222 12.776 61.174 12.728 61.108 12.706 61.060 12.683 61.047 12.468 61.042 12.354 61.023 12.294 61.003 12.315 60.892 12.445 60.690 12.554 60.546 12.589 60.451 12.553 60.355 12.516 60.305 12.515 60.239 12.486 60.107 12.402 60.040 12.292 59.967 12.169 59.913 12.072 59.898 11.988 59.891 11.932 59.864 11.881 59.782 11.834 59.697 11.681 59.592 11.685 59.556 11.743 59.431 11.798 59.290 11.752 59.158 11.712 59.019 11.643 58.926 11.544 58.893 11.471 58.910 11.388 59.037 11.342 59.088 11.298 59.101 11.236 59.105 11.143 59.088 11.114 59.022 11.057 58.959 10.912 58.946
20.622 69.037 20.676 69.069 20.889 69.071 21.066 69.042 21.105 69.054 21.128 69.081 21.053 69.187 21.066 69.214 21.144 69.247 21.267 69.274 21.461 69.278 21.594 69.274 21.622 69.271 21.820 69.154 21.989 69.041 22.080 68.993 22.300 68.856 22.383 68.777 22.411 68.720 22.501 68.720 22.811 68.695 23.072 68.674 23.144 68.643 23.324 68.649 23.462 68.678 23.707 68.714 23.773 68.758 23.854 68.806 23.997 68.798 24.154 68.761 24.332 68.712 24.491 68.689 24.703 68.653 24.802 68.607 24.941 68.593 25.087 68.640 25.173 68.765 25.249 68.821 25.357 68.862 25.481 68.881 25.575 68.887 25.647 68.919 25.748 68.990 25.768 69.076 25.749 69.231 25.767 69.283 25.850 69.366 25.962 69.589 26.012 69.653 26.072 69.692 26.156 69.715 26.308 69.782 26.525 69.915 26.584 69.926 26.740 69.933 26.934 69.928 27.109 69.905 27.128 69.906 27.206 69.919 27.348 69.960 27.592 70.042 27.748 70.065 27.890 70.062 28.047 69.972 28.269 69.871 28.412 69.823 28.800 69.732 29.142 69.671 29.333 69.473 29.239 69.394 29.192 69.367 29.025 69.288 28.846 69.177 28.833 69.119 28.892 69.061 28.966 69.022
6.344 49.453 6.348 49.513 6.378 49.600 6.407 49.645 6.445 49.682 6.485 49.708 6.494 49.754 6.487 49.798 6.441 49.805 6.325 49.838 6.256 49.872 6.205 49.915 6.138 49.974 6.110 50.034 6.108 50.094 6.117 50.121
2.525 51.097 2.536 51.049 2.575 50.989 2.601 50.955 2.579 50.912 2.597 50.876 2.669 50.811 2.759 50.751 2.840 50.712 2.862 50.716 2.922 50.727 3.023 50.767 3.107 50.779 3.155 50.749 3.182 50.732 3.235 50.663 3.250 50.591 3.273 50.532 3.316 50.507 3.477 50.499 3.595 50.477 3.627 50.457 3.667 50.325 3.689 50.306 3.719 50.322 3.748 50.343 3.789 50.347 3.858 50.339 3.950 50.336 4.044 50.321 4.175 50.246 4.170 50.222 4.144 50.178 4.135 50.144 4.158 50.130 4.192 50.094 4.184 50.053 4.150 50.024 4.137 50.000 4.137 49.984 4.149 49.972 4.176 49.960 4.369 49.945 4.545 49.960 4.656 50.002 4.675 50.047 4.707 50.097 4.773 50.139 4.819 50.153 4.861 50.136 4.790 49.960 4.842 49.914 4.849 49.847 4.868 49.788 4.931 49.789 5.007 49.778 5.061 49.757 5.124 49.721 5.215 49.689 5.279 49.678 5.302 49.651 5.354 49.620 5.435 49.554 5.507 49.511 5.542 49.511 5.610 49.528 5.710 49.539 5.790 49.538
6.117 50.121 6.110 50.124 6.089 50.155 6.055 50.154 5.976 50.167 5.867 50.083 5.817 50.013 5.788 49.961 5.744 49.920 5.735 49.876 5.741 49.857 5.726 49.833 5.725 49.808 5.788 49.759 5.804 49.732 5.880 49.645 5.857 49.613 5.838 49.578 5.815 49.554 5.790 49.538
46.430 41.891 46.412 41.905 46.268 41.960 46.213 41.990 46.160 41.992 46.048 42.009 45.954 42.035 45.910 42.071 45.846 42.110 45.727 42.159 45.639 42.205 45.634 42.235 45.688 42.357 45.728 42.475 45.705 42.498 45.656 42.518 45.563 42.536 45.344 42.530 45.208 42.648 45.160 42.675 45.072 42.694 44.943 42.730 44.871 42.756 44.851 42.747 44.771 42.617 44.692 42.710 44.644 42.735 44.576 42.748 44.506 42.749 44.330 42.703 44.200 42.654 44.103 42.616 44.005 42.596 43.957 42.567 43.826 42.572 43.760 42.594 43.738 42.617 43.750 42.657 43.795 42.703 43.799 42.728 43.783 42.747 43.623 42.808 43.558 42.844 43.348 42.897 43.089 42.989 43.000 43.050 42.992 43.091 42.890 43.133 42.761 43.170 42.660 43.159 42.566 43.155 42.419 43.224 42.280 43.228 42.122 43.207 42.088 43.199 42.050 43.190 41.581 43.219 41.461 43.276 41.358 43.333 41.083 43.374 40.942 43.418 40.802 43.480 40.648 43.534 40.519 43.512 40.342 43.543 40.150 43.570 40.085 43.553 40.024 43.485 39.978 43.420
20.964 40.850 20.959 40.872 20.933 40.903 20.870 40.918 20.741 40.905 20.709 40.928 20.656 41.062 20.614 41.083 20.568 41.128 20.489 41.273 20.487 41.336 20.492 41.391 20.449 41.521 20.476 41.554 20.516 41.575 20.517 41.627 20.505 41.706 20.553 41.862 20.566 41.874
20.566 41.874 20.581 41.917 20.575 42.013 20.523 42.171 20.485 42.223 20.408 42.275 20.348 42.309 20.241 42.339 20.186 42.426 20.104 42.525 20.064 42.547
41.510 41.517 41.577 41.497 41.702 41.472 41.779 41.441 41.824 41.432 41.926 41.496 42.078 41.494 42.211 41.487 42.280 41.475 42.364 41.454 42.466 41.440 42.508 41.470 42.567 41.559 42.590 41.571 42.607 41.579 42.682 41.586 42.754 41.579 42.788 41.564 42.822 41.492 42.907 41.467 43.057 41.353 43.149 41.307 43.171 41.288 43.141 41.265 43.153 41.236 43.206 41.199 43.279 41.185 43.359 41.190 43.402 41.177 43.433 41.156 43.442 41.126 43.439 41.107
43.439 41.107 43.492 41.116 43.645 41.117 43.793 41.131 43.909 41.159 44.077 41.182 44.147 41.203 44.227 41.213 44.473 41.191 44.565 41.208 44.841 41.211 44.849 41.220 44.811 41.249 44.811 41.259 44.976 41.277 45.001 41.291
71.817 42.822 71.761 42.821 71.735 42.819 71.601 42.779 71.514 42.767 71.422 42.783 71.257 42.734 71.167 42.667 71.094 42.587 71.023 42.535 71.002 42.459 70.952 42.419 70.893 42.340 70.893 42.294 70.947 42.249
8.393 55.097 8.462 55.071 8.541 54.955 8.595 54.916 8.671 54.903 8.857 54.901 8.903 54.897 9.186 54.845 9.255 54.808 9.342 54.806 9.499 54.840 9.616 54.855 9.661 54.834 9.725 54.826 9.740 54.826
9.519 30.229 9.638 30.282 9.807 30.342 9.895 30.387 9.932 30.425 10.060 30.580 10.126 30.666 10.216 30.783 10.256 30.865 10.257 30.941 10.243 31.032 10.173 31.251 10.115 31.464 10.160 31.546 10.196 31.585 10.275 31.685 10.306 31.705 10.476 31.736 10.544 31.803 10.595 31.886 10.609 31.930 10.683 31.975 10.772 32.021 10.826 32.081 11.005 32.173 11.168 32.257 11.358 32.345 11.505 32.414 11.536 32.473 11.534 32.525 11.454 32.643 11.454 32.782 11.459 32.897 11.467 32.966 11.502 33.156 11.505 33.182
45.001 41.291 45.023 41.246 45.085 41.195 45.152 41.175 45.189 41.147 45.190 41.126 45.071 41.101 45.063 41.088 45.070 41.076 45.106 41.069 45.273 41.006 45.369 41.005 45.419 40.986 45.444 40.948 45.524 40.897 45.588 40.847 45.591 40.830 45.579 40.804 45.401 40.707 45.379 40.674 45.376 40.638 45.454 40.532 45.569 40.417 45.736 40.329 45.965 40.234 45.968 40.175 45.931 40.105 45.900 40.057 45.886 40.025 45.858 40.011 45.630 40.014 45.596 40.003 45.581 39.989 45.580 39.978 45.662 39.956 45.790 39.881 45.863 39.808 45.940 39.777 46.026 39.719 46.095 39.664 46.202 39.594 46.322 39.617 46.481 39.555 46.488 39.513 46.478 39.475 46.378 39.434 46.365 39.417 46.365 39.403 46.378 39.382 46.437 39.349 46.507 39.299 46.585 39.224 46.550 39.201 46.477 39.198 46.420 39.207 46.400 39.192 46.401 39.168 46.475 39.111 46.490 39.069 46.487 38.997 46.491 38.907
44.768 39.704 44.867 39.719 45.032 39.765 45.076 39.743 45.125 39.696 45.149 39.657 45.153 39.583 45.173 39.571 45.253 39.595 45.288 39.566 45.350 39.530 45.457 39.494 45.611 39.550 45.687 39.564 45.751 39.563 45.784 39.546 45.797 39.488 45.784 39.417 45.766 39.378 45.799 39.350 45.925 39.282 45.977 39.244 45.952 39.178 46.046 39.018 46.077 38.955 46.114 38.878
20.242 46.109 20.281 46.133 20.508 46.167 20.614 46.134 20.661 46.146 20.707 46.173 20.733 46.194 20.737 46.217 20.760 46.246 20.837 46.260 21.040 46.242 21.122 46.282 21.152 46.304 21.170 46.353 21.192 46.392 21.265 46.412 21.263 46.448 21.252 46.486 21.295 46.572 21.320 46.608 21.361 46.621 21.411 46.648 21.497 46.704 21.477 46.753 21.494 46.790 21.584 46.878 21.653 46.964 21.651 47.007 21.661 47.044 21.722 47.085 21.785 47.138 21.869 47.305 21.899 47.333 21.954 47.364 21.995 47.396 22.000 47.505 22.038 47.537 22.112 47.572 22.185 47.629 22.245 47.696 22.291 47.728 22.351 47.736 22.417 47.763 22.491 47.773 22.563 47.760 22.608 47.766 22.677 47.799 22.852 47.923 22.877 47.947
70.958 40.239 70.991 40.255 71.095 40.271 71.305 40.287 71.376 40.275 71.457 40.242 71.520 40.209 71.580 40.210 71.630 40.217 71.651 40.208 71.667 40.179 71.693 40.152 71.773 40.188 71.845 40.234 71.903 40.241 71.956 40.259 71.971 40.289 72.013 40.341
71.958 41.187 71.879 41.195 71.858 41.311 71.826 41.361 71.792 41.413 71.758 41.428 71.701 41.454 71.697 41.516 71.685 41.533 71.665 41.541 71.638 41.534 71.602 41.503 71.620 41.435 71.606 41.367 71.586 41.333 71.546 41.308 71.500 41.307 71.421 41.342 71.408 41.136 71.393 41.123 71.299 41.152 71.223 41.140 71.111 41.153 71.026 41.187 70.963 41.196 70.860 41.225 70.782 41.262 70.734 41.401 70.689 41.450 70.646 41.460 70.471 41.413 70.408 41.450 70.290 41.497 70.201 41.514 70.177 41.540 70.181 41.571 70.455 41.725 70.563 41.831 70.631 41.876 70.728 41.905 70.803 41.923 70.842 42.020 70.857 42.031 70.910 42.038 71.032 42.078 71.229 42.163 71.232 42.186 71.213 42.206 71.130 42.250 71.036 42.285 70.979 42.267 70.947 42.249
18.832 49.511 18.938 49.498 18.957 49.448 18.968 49.396 19.149 49.400 19.250 49.511 19.302 49.525 19.386 49.564 19.442 49.598 19.480 49.576 19.535 49.505 19.593 49.447 19.627 49.424 19.630 49.407 19.664 49.396 19.730 49.390 19.774 49.372 19.787 49.319 19.788 49.270 19.767 49.235 19.757 49.204 19.802 49.192 19.869 49.204 19.916 49.221 20.058 49.181 20.108 49.271 20.164 49.316 20.237 49.338 20.303 49.366 20.363 49.385 20.405 49.384 20.423 49.392 20.475 49.390 20.535 49.381 20.616 49.392 20.729 49.370 20.799 49.329 20.868 49.315 20.947 49.317 21.001 49.340 21.079 49.418 21.136 49.417 21.225 49.429 21.350 49.429 21.640 49.412 21.712 49.382 21.890 49.343 21.968 49.299 22.002 49.246 22.020 49.210 22.203 49.153 22.473 49.081 22.539 49.073
-7.219 55.092 -7.377 55.028 -7.401 55.003 -7.446 54.905 -7.451 54.877 -7.502 54.825 -7.550 54.768 -7.606 54.746 -7.690 54.728 -7.737 54.710 -7.797 54.719 -7.873 54.718 -7.911 54.698 -7.909 54.683 -7.886 54.666 -7.820 54.640 -7.746 54.616 -7.754 54.595 -7.794 54.571 -8.044 54.512 -8.119 54.477 -8.145 54.453 -8.118 54.414 -7.918 54.297 -7.884 54.284 -7.855 54.215 -7.679 54.187 -7.607 54.144 -7.544 54.134 -7.409 54.137 -7.355 54.121 -7.325 54.133 -7.307 54.156 -7.193 54.214 -7.155 54.240 -7.178 54.275 -7.203 54.302 -7.133 54.355 -7.050 54.408 -7.008 54.407 -6.936 54.374 -6.877 54.329 -6.869 54.294 -6.858 54.269 -6.803 54.214 -6.767 54.196 -6.670 54.185 -6.647 54.163 -6.664 54.085 -6.650 54.059 -6.548 54.057 -6.440 54.064 -6.403 54.061 -6.364 54.077 -6.304 54.095 -6.218 54.089
18.832 49.511 18.829 49.540 18.807 49.614 18.595 49.758 18.569 49.818 18.577 49.841 18.562 49.879 18.516 49.902 18.348 49.930 18.305 49.914 18.266 49.930 18.205 49.965 18.099 49.993 18.088 50.007 18.049 50.032 18.028 50.035 18.015 50.020 17.984 49.999 17.875 49.972 17.831 49.983 17.792 50.007 17.747 50.057 17.681 50.101 17.627 50.116 17.596 50.140 17.589 50.157 17.709 50.194 17.735 50.231 17.720 50.299 17.702 50.307 17.655 50.284 17.555 50.264 17.462 50.255 17.415 50.255 17.152 50.378 16.981 50.416 16.880 50.427 16.869 50.414 16.915 50.345 16.993 50.260 16.990 50.237 16.895 50.202 16.842 50.187 16.779 50.157 16.725 50.116 16.679 50.097 16.639 50.102 16.597 50.122 16.488 50.248 16.350 50.345 16.334 50.367 16.291 50.372 16.231 50.394 16.210 50.424 16.241 50.455 16.283 50.483 16.357 50.500 16.379 50.517 16.392 50.542 16.420 50.574 16.413 50.585 16.360 50.621 16.282 50.656 16.066 50.630 16.007 50.612 15.974 50.635 15.949 50.670 15.894 50.677 15.819 50.709 15.731 50.740 15.644 50.749 15.464 50.794 15.395 50.796 15.354 50.812 15.313 50.846 15.277 50.883 15.259 50.959 15.126 50.993 14.994 51.014 14.984 51.003 14.990 50.927 14.983 50.887 14.896 50.861 14.809 50.859
70.958 40.239 70.961 40.221 70.946 40.188 70.739 40.131 70.644 40.083 70.624 39.999 70.599 39.975 70.557 39.955 70.515 39.950 70.451 40.049 70.379 40.070 70.274 40.105 70.072 40.173 69.967 40.202 69.765 40.158 69.530 40.097 69.494 40.060 69.469 40.021 69.471 39.991 69.488 39.950 69.476 39.920 69.432 39.910 69.365 39.947 69.307 39.969 69.279 39.918 69.245 39.827 69.229 39.761 69.280 39.666 69.298 39.525 69.392 39.532 69.463 39.532 69.599 39.574 69.667 39.575 69.772 39.557 69.956 39.553 70.102 39.561 70.137 39.558 70.171 39.584 70.209 39.575 70.245 39.543 70.392 39.582 70.501 39.587 70.568 39.576 70.608 39.564 70.679 39.471 70.733 39.413 70.799 39.395 71.005 39.412 71.065 39.493 71.118 39.514 71.203 39.520 71.273 39.535 71.328 39.569 71.404 39.598 71.470 39.604 71.503 39.582 71.517 39.554 71.506 39.517 71.503 39.479 71.546 39.453 71.673 39.447 71.732 39.423 71.735 39.378 71.726 39.307 71.779 39.278 71.806 39.276 71.991 39.351 72.043 39.352
20.001 39.709 20.023 39.711 20.060 39.699 20.131 39.662 20.207 39.653 20.248 39.678 20.272 39.701 20.288 39.739 20.294 39.782 20.306 39.797 20.364 39.792 20.382 39.803 20.382 39.842 20.344 39.891 20.311 39.951 20.311 39.979 20.338 39.991 20.384 40.017 20.408 40.049 20.456 40.066 20.527 40.069 20.606 40.083 20.657 40.117 20.665 40.152 20.697 40.246 20.718 40.293 20.752 40.335 20.770 40.392 20.806 40.445 20.882 40.468 20.950 40.494 21.002 40.563 21.031 40.622 21.031 40.659 20.988 40.718 20.956 40.775 20.964 40.850
22.132 48.405 22.143 48.569 22.295 48.686 22.333 48.745 22.389 48.873 22.432 48.934 22.483 48.983 22.524 49.031 22.539 49.073
13.815 48.767 13.843 48.760 13.924 48.728 13.989 48.692 14.049 48.603 14.190 48.579 14.368 48.576 14.431 48.616 14.489 48.626 14.554 48.613 14.691 48.599 14.707 48.672 14.786 48.747 14.822 48.774 14.923 48.771 14.947 48.828 14.972 48.984 14.993 49.001 15.067 48.998 15.140 48.969 15.162 48.946 15.200 48.948 15.253 48.964 15.311 48.974 15.403 48.957 15.599 48.886 15.701 48.860 15.765 48.865 15.825 48.864 16.057 48.755 16.219 48.739 16.367 48.739 16.415 48.772 16.478 48.800 16.544 48.796 16.601 48.782 16.713 48.734 16.764 48.722 16.833 48.714 16.884 48.704 16.928 48.621 16.953 48.599
42.359 37.109 42.456 37.129 42.635 37.249 42.741 37.362 42.775 37.372 42.869 37.335 42.937 37.325 43.092 37.367 43.185 37.345 43.263 37.316 43.307 37.315 43.516 37.245 43.568 37.236 43.676 37.227 43.836 37.224 43.940 37.269 44.013 37.314 44.065 37.312 44.114 37.302 44.156 37.283 44.192 37.250 44.208 37.203 44.202 37.052 44.217 37.012 44.246 36.983 44.282 36.978 44.326 37.011 44.402 37.058 44.496 37.111 44.566 37.158 44.606 37.176 44.669 37.174 44.731 37.165 44.765 37.142
16.093 46.863 16.253 46.972 16.332 47.002 16.424 46.997 16.453 47.007 16.461 47.022 16.477 47.058 16.485 47.091 16.493 47.123 16.483 47.140 16.438 47.146 16.417 47.223 16.440 47.253 16.463 47.273 16.434 47.367 16.443 47.400 16.515 47.405 16.574 47.425 16.623 47.448 16.637 47.477 16.677 47.536 16.640 47.609 16.432 47.656 16.421 47.674 16.470 47.695 16.521 47.724 16.551 47.747 16.591 47.751 16.647 47.739 16.748 47.686 16.786 47.679 16.823 47.694 16.863 47.697 16.973 47.695 17.067 47.708 17.046 47.764 17.046 47.805 17.030 47.837 17.040 47.873 17.078 47.901 17.089 47.964 17.147 48.006
7.021 45.926 7.056 45.904 7.129 45.880 7.328 45.912 7.452 45.944 7.539 45.978 7.593 45.972 7.788 45.922 7.852 45.947 7.993 46.016 8.014 46.052 8.125 46.161 8.127 46.188 8.082 46.256 8.096 46.271 8.232 46.341 8.299 46.403 8.371 46.445 8.423 46.446 8.437 46.432 8.443 46.403 8.438 46.283 8.458 46.246 8.565 46.160 8.642 46.111 8.819 46.077 8.827 46.061 8.778 45.996 8.885 45.919 8.904 45.862 8.954 45.830 9.024 45.846 9.047 45.876 9.019 45.928 8.999 45.983 9.003 46.015 9.022 46.051 9.071 46.102 9.203 46.219 9.251 46.287 9.260 46.391 9.260 46.475 9.304 46.496 9.399 46.481 9.428 46.482 9.441 46.431 9.481 46.349 9.529 46.306 9.580 46.296 9.639 46.296 9.788 46.346 9.884 46.368 9.939 46.362 9.972 46.328 10.041 46.238 10.081 46.228 10.128 46.238 10.145 46.254 10.130 46.288 10.110 46.363 10.082 46.421 10.046 46.448 10.038 46.483 10.061 46.547 10.087 46.600 10.137 46.614 10.196 46.621 10.272 46.565 10.363 46.547 10.431 46.550 10.442 46.583 10.438 46.619 10.398 46.665 10.406 46.735 10.453 46.865
10.453 46.865 10.455 46.899 10.415 46.964 10.349 46.985 10.180 46.862 10.133 46.852 9.997 46.885 9.878 46.938 9.865 46.976 9.845 47.007 9.745 47.037 9.620 47.057 9.580 47.057
44.765 37.142 44.767 37.156 44.758 37.217 44.797 37.270 44.794 37.290 44.715 37.357 44.604 37.424 44.574 37.435 44.573 37.506 44.577 37.560 44.567 37.609 44.546 37.636 44.545 37.658 44.590 37.710 44.561 37.745 44.398 37.829 44.336 37.872 44.223 37.880 44.211 37.908 44.229 37.967 44.268 38.039 44.329 38.109 44.349 38.147 44.373 38.210 44.381 38.255 44.450 38.318 44.450 38.334 44.431 38.357 44.376 38.370 44.320 38.375 44.299 38.386 44.291 38.420 44.298 38.558 44.280 38.641 44.257 38.701 44.272 38.836 44.232 38.863 44.171 38.934 44.145 38.994 44.159 39.017 44.172 39.056 44.181 39.108 44.178 39.145 44.121 39.181 44.079 39.218 44.074 39.260 44.058 39.311 44.034 39.351 44.023 39.377 44.044 39.393 44.124 39.405 44.240 39.397 44.335 39.396 44.389 39.422 44.456 39.667 44.517 39.731 44.587 39.769 44.725 39.682 44.782 39.651 44.817 39.650
23.485 53.940 23.478 53.959 23.483 54.006 23.481 54.079 23.454 54.143 23.370 54.200 23.282 54.240 23.170 54.281 23.088 54.299 23.042 54.304 23.032 54.328 23.016 54.348 22.977 54.366 22.894 54.391 22.824 54.396 22.766 54.357
7.197 53.282 7.189 53.187 7.190 53.000 7.180 52.966 7.117 52.887 7.051 52.745 7.033 52.651 7.013 52.634 6.748 52.634 6.711 52.618 6.705 52.598 6.719 52.574 6.712 52.550 6.692 52.530 6.703 52.499 6.749 52.464 6.832 52.442 6.922 52.440 6.968 52.444 7.002 52.419 7.035 52.380 7.033 52.331 7.020 52.266 6.977 52.205 6.855 52.136 6.800 52.111 6.749 52.099 6.724 52.080 6.713 52.057 6.716 52.036 6.802 51.980 6.800 51.967 6.775 51.938 6.742 51.911 6.518 51.854 6.425 51.858 6.372 51.830 6.356 51.825 6.297 51.851 6.167 51.881 6.117 51.870 6.090 51.854 6.008 51.834 5.949 51.803 5.949 51.762 6.053 51.658 6.089 51.638 6.091 51.599 6.142 51.550 6.193 51.489 6.199 51.450 6.193 51.411 6.166 51.355 6.076 51.224 6.075 51.199 6.082 51.180 6.113 51.175 6.137 51.165 6.130 51.147 5.961 51.057 5.939 51.041 5.868 51.045 5.858 51.030 5.867 51.006 5.895 50.984 5.955 50.973 6.007 50.950 6.048 50.905 5.994 50.750
9.580 47.057 9.596 47.076 9.611 47.107 9.601 47.132 9.572 47.158 9.556 47.185 9.551 47.212 9.542 47.234 9.537 47.255 9.528 47.271
7.493 43.767 7.491 43.823 7.482 43.865 7.523 43.911 7.590 43.965 7.652 44.034 7.677 44.083 7.665 44.116 7.637 44.165 7.599 44.168 7.371 44.127 7.319 44.138 7.149 44.202 6.967 44.280 6.900 44.336 6.875 44.392 6.894 44.428 6.879 44.463 6.843 44.511 6.875 44.565 6.932 44.632 6.960 44.677 7.008 44.689 7.031 44.717 6.993 44.827 6.973 44.845 6.940 44.859 6.889 44.860 6.801 44.883 6.738 44.921 6.725 44.973 6.691 45.023 6.635 45.068 6.628 45.118 6.692 45.144 6.780 45.145 6.842 45.136 6.981 45.216 7.032 45.223 7.078 45.240 7.117 45.349 7.146 45.382 7.153 45.401 7.126 45.424 7.014 45.501 6.962 45.581 6.881 45.670 6.806 45.710 6.791 45.741 6.789 45.780 6.804 45.815 6.941 45.868 7.021 45.926
28.966 69.022 28.899 69.010 28.692 68.961 28.566 68.928 28.414 68.904 28.453 68.872 28.706 68.866 28.745 68.856 28.773 68.840 28.778 68.814 28.752 68.771 28.479 68.538 28.471 68.488 28.560 68.351 28.685 68.190 29.063 68.118 29.344 68.062 29.524 67.929 29.822 67.754 29.979 67.689 29.988 67.668 29.941 67.547 29.751 67.426 29.572 67.324 29.388 67.201 29.243 67.097 29.087 66.971 29.069 66.930 29.066 66.892 29.093 66.849 29.293 66.696 29.371 66.617 29.464 66.532 29.544 66.440 29.591 66.357 29.671 66.276 29.721 66.235 29.803 66.177 29.903 66.091 29.937 66.023 30.087 65.787 30.103 65.726 30.095 65.682 30.029 65.671 29.883 65.664 29.724 65.634 29.716 65.625 29.819 65.569 29.728 65.473 29.715 65.337 29.617 65.265 29.608 65.249 29.612 65.235 29.630 65.224 29.811 65.205 29.826 65.185 29.827 65.145 29.811 65.108 29.720 65.080 29.623 65.039 29.601 65.002 29.604 64.968 29.637 64.912 29.702 64.846 29.783 64.804 30.073 64.765 30.110 64.733 30.126 64.688 30.120 64.645 29.986 64.558 29.987 64.524 30.042 64.443 30.108 64.366 30.391 64.282 30.488 64.237 30.514 64.200 30.528 64.141 30.526 64.077 30.504 64.021 30.415 63.948 30.210 63.803 30.004 63.747 29.992 63.735 30.055 63.689 30.419 63.504 30.655 63.417 30.975 63.301 31.181 63.208 31.247 63.142 31.337 63.068 31.437 63.008 31.509 62.955 31.537 62.922 31.534 62.885 31.437 62.776 31.382 62.692 31.286 62.568 31.187 62.481 30.936 62.324 30.566 62.128 30.480 62.068 30.307 61.965 30.010 61.757 29.933 61.712 29.690 61.546 29.579 61.493 29.492 61.444 29.252 61.288 28.993 61.169 28.739 61.059 28.663 61.003 28.568 60.960 28.455 60.920 28.407 60.897 28.152 60.746 27.798 60.536 27.731 60.457
30.870 69.783 30.924 69.652 30.922 69.606 30.897 69.561 30.861 69.538 30.789 69.529 30.615 69.533 30.380 69.585 30.228 69.634 30.180 69.636 30.160 69.630 30.197 69.581 30.187 69.543 30.164 69.502 30.132 69.464 30.087 69.433 29.994 69.392 29.833 69.360 29.388 69.298 29.353 69.271 29.210 69.097 29.171 69.072 29.119 69.050 28.966 69.022
55.186 22.704 55.194 22.850 55.192 22.923 55.200 23.035 55.270 23.190 55.353 23.387 55.414 23.519 55.466 23.633 55.509 23.725 55.532 23.819 55.519 23.885 55.492 23.910 55.468 23.941 55.548 23.991 55.697 24.024 55.779 24.017 55.894 24.041 55.985 24.063 55.992 24.093 55.966 24.143 55.929 24.215 55.800 24.223 55.761 24.243 55.806 24.350 55.804 24.384 55.787 24.424 55.768 24.491 55.778 24.577 55.804 24.636 55.804 24.684 55.792 24.781 55.796 24.868 55.823 24.911 55.871 24.951 55.916 24.972 55.963 24.970 56.001 24.953 56.017 24.908 56.006 24.876 55.980 24.872 55.970 24.859 56.008 24.798 56.064 24.739 56.107 24.749 56.154 24.796 56.205 24.833 56.268 24.867 56.314 24.931 56.353 24.973 56.388 24.979
48.573 41.844 48.519 41.779 48.431 41.663 48.391 41.602 48.298 41.545 48.142 41.485 48.056 41.459 47.964 41.334 47.861 41.213 47.791 41.199 47.592 41.218 47.521 41.229 47.318 41.282 47.261 41.315 47.205 41.456 47.143 41.516 47.064 41.555 47.010 41.587 46.988 41.621 46.931 41.670 46.826 41.743 46.749 41.813 46.690 41.831 46.616 41.807 46.571 41.800 46.552 41.812 46.538 41.870 46.430 41.891
46.430 41.891 46.405 41.855 46.348 41.790 46.303 41.757 46.252 41.752 46.202 41.737 46.184 41.702 46.182 41.657 46.191 41.625 46.204 41.613 46.255 41.602 46.305 41.508 46.385 41.460 46.509 41.406 46.619 41.344 46.673 41.287 46.662 41.245 46.626 41.160 46.534 41.089 46.458 41.070 46.431 41.077 46.381 41.099 46.280 41.154 46.171 41.198 46.087 41.184 46.031 41.167 45.922 41.187 45.793 41.224 45.726 41.262 45.696 41.289 45.716 41.338 45.422 41.425 45.281 41.450 45.217 41.423 45.001 41.291
16.516 46.500 16.428 46.524 16.321 46.535 16.301 46.521 16.258 46.508 16.237 46.484 16.253 46.389 16.227 46.373 16.106 46.382 16.066 46.371 16.001 46.305 15.933 46.278 15.848 46.258 15.784 46.234 15.704 46.213 15.636 46.201 15.609 46.172 15.593 46.140 15.597 46.109 15.666 46.049 15.676 45.984 15.668 45.904 15.652 45.862 15.625 45.834 15.454 45.798 15.277 45.733 15.273 45.718 15.354 45.660 15.357 45.645 15.290 45.613 15.284 45.580 15.291 45.542 15.327 45.502 15.339 45.467 15.242 45.441 15.110 45.451 14.955 45.500 14.900 45.493 14.847 45.467 14.793 45.478 14.734 45.508 14.649 45.571 14.609 45.610 14.592 45.651 14.569 45.657 14.534 45.645 14.505 45.595 14.427 45.506 14.370 45.481 14.283 45.487 14.161 45.485 14.086 45.478 13.993 45.509 13.970 45.503 13.970 45.483 13.936 45.450 13.879 45.428 13.615 45.477 13.578 45.517
18.905 45.932 18.900 45.932 18.833 45.911 18.722 45.899 18.666 45.907 18.565 45.813 18.534 45.796 18.437 45.767 18.358 45.753 18.291 45.764 18.264 45.765 17.964 45.770 17.807 45.790 17.706 45.827 17.640 45.868 17.607 45.914 17.529 45.941 17.406 45.951 17.311 45.996 17.242 46.077 17.150 46.140 17.033 46.187 16.940 46.254 16.871 46.339 16.748 46.416 16.570 46.485 16.516 46.500
20.242 46.109 20.210 46.126 20.161 46.142 19.934 46.161 19.844 46.146 19.725 46.152 19.613 46.169 19.531 46.155 19.458 46.087 19.421 46.064 19.393 46.050 19.330 46.029 19.278 46.003 19.208 45.984 19.146 45.987 19.087 46.016 19.066 46.010 19.048 45.983 19.016 45.960 18.928 45.931 18.905 45.932
16.516 46.500 16.506 46.522 16.418 46.607 16.381 46.639 16.385 46.681 16.367 46.705 16.335 46.722 16.318 46.783 16.308 46.828 16.284 46.857 16.093 46.863
51.268 24.607 51.178 24.587 51.093 24.565 51.023 24.565 50.966 24.574 50.928 24.595 50.856 24.680 50.804 24.789
28.014 41.969 27.879 41.987 27.832 41.981 27.802 41.957 27.739 41.962 27.661 41.961 27.580 41.933 27.535 41.921 27.475 41.947 27.363 42.025 27.295 42.080 27.244 42.093 27.193 42.077 27.012 42.059 26.969 42.027 26.885 41.992 26.800 41.975 26.679 41.963 26.615 41.965 26.580 41.948 26.550 41.897 26.529 41.847 26.511 41.826 26.360 41.802 26.327 41.773 26.318 41.745 26.321 41.717
5.994 50.750 6.006 50.732 6.119 50.679 6.154 50.637 6.236 50.597 6.168 50.545 6.179 50.522 6.203 50.499 6.295 50.485 6.341 50.452 6.344 50.400 6.365 50.316 6.175 50.233 6.121 50.139 6.117 50.121
-71.779 19.718 -71.757 19.688 -71.711 19.487 -71.707 19.422 -71.753 19.324 -71.746 19.286 -71.647 19.196 -71.645 19.164 -71.657 19.131 -71.742 19.046 -71.807 18.987 -71.786 18.920 -71.734 18.856 -71.727 18.803 -71.743 18.733 -71.824 18.646 -71.866 18.614 -71.987 18.610 -72.000 18.598
-71.940 18.513 -71.873 18.416 -71.762 18.341 -71.737 18.271 -71.764 18.204 -71.768 18.039
46.531 29.096 46.694 29.260 46.769 29.347 46.906 29.538 46.976 29.673 47.044 29.823 47.102 29.940 47.114 29.961 47.148 30.001 47.223 30.041 47.331 30.080 47.515 30.097 47.644 30.097 47.673 30.096 47.754 30.077 47.979 29.983
10.453 46.865 10.479 46.855 10.580 46.854 10.689 46.846 10.760 46.793 10.829 46.775 10.927 46.769 10.993 46.777 11.025 46.797 11.063 46.859 11.134 46.936 11.244 46.976 11.433 46.983 11.528 46.997 11.626 46.997 11.699 46.985 11.776 46.986 11.969 47.040 12.169 47.082 12.197 47.075 12.201 47.061 12.165 47.028 12.131 46.985 12.154 46.935 12.268 46.836 12.330 46.760 12.388 46.703 12.479 46.672 12.599 46.654 12.700 46.647 12.806 46.626 13.169 46.573 13.352 46.558 13.490 46.556 13.700 46.520
13.700 46.520 13.680 46.463 13.637 46.449 13.563 46.415 13.478 46.369 13.400 46.318 13.378 46.262 13.400 46.225 13.421 46.212 13.450 46.224 13.492 46.217 13.545 46.197 13.632 46.177 13.635 46.158 13.617 46.133 13.548 46.089 13.486 46.040 13.480 46.009 13.488 45.987 13.509 45.974 13.601 45.980 13.614 45.962 13.570 45.834 13.583 45.812 13.663 45.792 13.722 45.761 13.831 45.680 13.875 45.615 13.845 45.593 13.776 45.582 13.720 45.588
1.428 42.596 1.349 42.691 1.293 42.710 1.208 42.713 1.111 42.742 1.010 42.779 0.764 42.838 0.697 42.845 0.670 42.836 0.652 42.800 0.642 42.701 0.632 42.690 0.518 42.686 0.377 42.700 0.313 42.693 0.256 42.693 0.201 42.719 -0.041 42.689 -0.081 42.704 -0.140 42.749 -0.205 42.785 -0.256 42.804 -0.299 42.825 -0.339 42.829 -0.398 42.808 -0.481 42.799 -0.550 42.802 -0.586 42.799 -0.740 42.910 -0.763 42.940 -0.839 42.948 -0.934 42.949 -1.175 43.021 -1.285 43.060 -1.302 43.082 -1.300 43.101 -1.319 43.097 -1.353 43.064 -1.371 43.038 -1.394 43.033 -1.429 43.037 -1.461 43.052 -1.480 43.071 -1.459 43.105 -1.423 43.149 -1.407 43.197 -1.411 43.240 -1.472 43.268 -1.561 43.279 -1.627 43.282 -1.713 43.307 -1.753 43.325 -1.793 43.373 -1.794 43.407
1.428 42.596 1.459 42.622 1.501 42.643 1.568 42.635 1.710 42.604 1.739 42.576 1.740 42.557 1.714 42.526 1.706 42.503
1.706 42.503 1.860 42.457 1.928 42.426 1.951 42.393 1.987 42.358 2.033 42.354 2.098 42.386 2.200 42.421 2.374 42.390 2.568 42.346 2.652 42.340 2.655 42.362 2.670 42.393 2.702 42.408 2.749 42.413 2.816 42.429 2.891 42.456 2.970 42.467 3.053 42.447 3.152 42.431 3.211 42.431
1.428 42.596 1.415 42.548 1.422 42.531 1.430 42.498 1.428 42.461 1.449 42.437 1.486 42.434 1.534 42.442 1.586 42.456 1.678 42.497 1.706 42.503
20.964 40.850 21.100 40.856 21.148 40.863 21.324 40.867 21.404 40.907 21.460 40.904 21.576 40.869 21.627 40.896 21.779 40.950 21.929 41.107 21.993 41.131 22.139 41.141 22.184 41.159 22.238 41.155 22.401 41.123 22.494 41.119 22.604 41.140 22.725 41.179 22.755 41.313 22.784 41.332 22.859 41.337 22.916 41.336
21.561 42.248 21.390 42.220 21.332 42.187 21.298 42.130 21.287 42.100 21.256 42.099 21.206 42.129 21.143 42.175 21.060 42.171 20.778 42.071 20.750 42.018 20.744 41.904 20.725 41.874 20.695 41.854 20.579 41.866 20.566 41.874
22.344 42.314 22.317 42.322 22.277 42.350 22.240 42.358 22.147 42.325 22.052 42.305 21.978 42.320 21.904 42.322 21.853 42.308 21.815 42.303 21.739 42.268 21.618 42.242 21.561 42.248
22.344 42.314 22.422 42.329 22.446 42.359 22.524 42.441 22.532 42.481 22.524 42.504 22.472 42.543 22.436 42.629 22.463 42.709 22.466 42.751 22.439 42.792 22.467 42.843 22.523 42.870 22.558 42.878 22.706 42.884 22.800 42.986 22.857 43.018 22.915 43.076 22.942 43.097 22.968 43.142 22.977 43.188 22.860 43.252 22.820 43.301 22.768 43.354 22.697 43.391 22.555 43.455 22.499 43.519 22.474 43.602 22.436 43.666 22.395 43.707 22.387 43.740 22.370 43.781 22.365 43.862 22.399 43.970 22.421 44.007 22.469 44.018 22.597 44.075 22.603 44.149 22.627 44.194 22.667 44.220 22.705 44.238
22.916 41.336 22.930 41.356 22.951 41.606 23.006 41.717 23.004 41.740 22.992 41.757 22.944 41.775 22.909 41.835 22.837 41.994 22.796 42.026 22.682 42.059 22.583 42.105 22.498 42.165 22.344 42.314
18.436 42.560 18.438 42.523 18.477 42.481 18.517 42.433
18.436 42.560 18.347 42.587 18.304 42.599 18.124 42.691 18.045 42.741 17.919 42.807 17.841 42.845 17.802 42.902 17.740 42.915 17.668 42.897
20.344 42.828 20.469 42.858 20.487 42.879 20.458 42.925 20.475 42.953 20.624 43.034 20.649 43.071 20.658 43.100 20.638 43.130 20.610 43.178 20.623 43.199 20.701 43.226 20.763 43.259 20.801 43.261 20.824 43.238 20.824 43.214 20.844 43.173 20.891 43.152 20.968 43.116 21.057 43.092 21.127 43.043 21.223 42.956 21.237 42.913 21.323 42.875 21.403 42.832 21.391 42.751 21.662 42.682 21.724 42.682 21.753 42.670 21.752 42.652 21.731 42.595 21.619 42.423 21.610 42.387 21.530 42.350 21.519 42.328 21.542 42.281 21.563 42.246
20.344 42.828 20.215 42.799 20.193 42.755 20.130 42.760 20.054 42.760 20.030 42.732 20.066 42.686 20.089 42.632 20.070 42.557 20.064 42.547
19.194 43.533 19.192 43.521 19.196 43.485 19.219 43.450 19.298 43.414 19.415 43.343 19.552 43.212 19.614 43.173 19.671 43.164 19.781 43.110 19.858 43.097 19.944 43.082 20.168 42.968 20.268 42.935 20.340 42.893 20.348 42.853 20.344 42.828
20.622 69.037 20.895 68.980 20.907 68.967 20.909 68.938 20.919 68.907 21.183 68.829 21.260 68.787 21.422 68.725 21.465 68.691 21.616 68.651 21.724 68.609 21.850 68.574 21.997 68.521 22.195 68.478 22.362 68.464 22.782 68.391 22.854 68.367 22.975 68.316 23.098 68.258 23.183 68.137 23.319 68.130 23.356 68.089 23.474 68.017 23.639 67.954 23.633 67.933 23.502 67.875 23.488 67.797 23.500 67.696 23.541 67.614 23.537 67.590 23.505 67.562 23.465 67.518 23.451 67.479 23.455 67.460 23.468 67.450 23.537 67.449 23.661 67.440 23.734 67.423 23.775 67.329 23.761 67.311 23.657 67.268 23.626 67.234 23.623 67.184 23.642 67.129 23.677 67.068 23.759 67.003 23.869 66.934 23.942 66.878 23.976 66.838 23.989 66.811 23.939 66.776 23.894 66.707 23.886 66.628 23.866 66.577 23.768 66.506 23.701 66.481 23.682 66.443 23.674 66.381 23.694 66.304 23.700 66.253 23.721 66.215 23.751 66.191 23.907 66.148 23.995 66.060 24.049 65.990 24.156 65.805 24.130 65.759 24.159 65.718 24.190 65.652 24.188 65.607 24.116 65.505
4.226 51.386 4.211 51.349 4.173 51.307 4.040 51.247 3.902 51.208 3.831 51.213 3.782 51.233 3.756 51.255 3.682 51.276 3.580 51.286 3.517 51.264 3.472 51.242 3.432 51.246 3.403 51.264 3.380 51.291 3.350 51.378
5.994 50.750 5.797 50.755 5.747 50.760 5.694 50.775 5.669 50.806 5.639 50.844 5.648 50.867 5.737 50.932 5.750 50.950 5.741 50.960 5.750 50.989 5.818 51.086 5.827 51.126 5.796 51.153 5.752 51.169 5.609 51.198 5.540 51.239 5.509 51.275 5.477 51.285 5.430 51.273 5.311 51.260 5.214 51.279 5.100 51.346 5.073 51.407 5.059 51.453 5.031 51.469 4.993 51.445 4.944 51.408 4.848 51.403 4.821 51.412 4.816 51.433 4.811 51.453 4.784 51.477 4.756 51.491 4.634 51.422 4.589 51.422 4.532 51.449 4.503 51.475 4.441 51.460 4.385 51.428 4.404 51.367 4.374 51.356 4.304 51.362 4.226 51.386
6.344 49.453 6.382 49.458 6.458 49.443 6.534 49.395 6.566 49.346 6.575 49.320 6.608 49.291 6.735 49.161 6.776 49.154 6.821 49.174 6.850 49.202 6.891 49.208 6.958 49.195 7.001 49.180 7.022 49.123 7.037 49.113 7.066 49.125 7.117 49.128 7.200 49.114 7.313 49.130 7.404 49.153 7.451 49.152 7.526 49.086 7.611 49.062 7.799 49.042 8.001 49.011 8.081 48.986 8.135 48.974 8.140 48.886 8.124 48.873 7.923 48.699 7.838 48.636 7.795 48.547 7.765 48.410 7.706 48.280 7.617 48.157 7.584 48.064 7.608 48.003 7.593 47.906 7.539 47.774 7.529 47.674 7.565 47.607 7.616 47.593
9.524 47.524 9.350 47.599 9.183 47.671 9.128 47.671 8.881 47.656 8.874 47.663 8.831 47.704 8.793 47.717 8.770 47.710 8.755 47.698 8.728 47.700 8.618 47.766 8.573 47.776 8.510 47.767 8.436 47.731 8.403 47.688 8.413 47.663 8.452 47.652 8.552 47.659 8.567 47.652 8.570 47.638 8.560 47.624 8.478 47.613 8.454 47.596 8.430 47.592 8.415 47.590 8.328 47.607 8.198 47.607 8.094 47.576 7.927 47.564 7.698 47.570 7.616 47.593
9.528 47.271 9.609 47.392 9.626 47.467 9.554 47.511 9.524 47.524
9.580 47.057 9.502 47.063 9.488 47.062 9.479 47.098 9.484 47.173 9.528 47.271
7.021 45.926 7.004 45.959 6.954 46.017 6.897 46.052 6.858 46.089 6.806 46.131 6.772 46.165 6.817 46.275 6.784 46.314 6.767 46.369 6.776 46.407 6.758 46.416 6.578 46.437 6.429 46.431 6.322 46.394 6.235 46.333 6.224 46.319 6.230 46.308 6.273 46.252 6.199 46.193 6.087 46.147 6.007 46.142 5.972 46.151 5.970 46.215 6.036 46.238 6.096 46.279 6.116 46.338 6.123 46.379 6.060 46.428 6.068 46.459 6.107 46.516 6.130 46.567 6.161 46.611 6.285 46.683 6.410 46.755 6.429 46.832 6.439 46.926 6.456 46.948 6.625 47.004 6.667 47.027 6.688 47.058 6.821 47.163 6.952 47.267 6.978 47.302 7.001 47.323 7.001 47.339 6.984 47.353 6.921 47.361 6.900 47.394 6.968 47.453 7.053 47.489 7.136 47.490 7.169 47.473 7.167 47.454 7.203 47.433 7.266 47.426 7.343 47.433 7.420 47.455 7.467 47.508 7.495 47.547 7.616 47.593
-7.406 37.179 -7.467 37.428 -7.496 37.524 -7.503 37.586 -7.444 37.728 -7.379 37.786 -7.292 37.906 -7.185 38.006 -7.073 38.030 -7.023 38.045 -6.981 38.122 -6.958 38.188 -6.975 38.194 -7.106 38.181 -7.343 38.457 -7.336 38.501 -7.306 38.567 -7.286 38.649 -7.282 38.715 -7.220 38.771 -7.126 38.827 -7.046 38.907 -7.006 38.985 -6.998 39.056 -7.043 39.107 -7.172 39.135 -7.306 39.338 -7.335 39.465 -7.363 39.478 -7.445 39.536 -7.524 39.645 -7.536 39.662 -7.454 39.681 -7.118 39.682 -7.047 39.706 -7.037 39.714 -6.975 39.798 -6.911 39.937 -6.896 40.022 -6.916 40.057 -7.028 40.143 -7.033 40.168 -7.015 40.208 -6.948 40.252 -6.859 40.301 -6.810 40.343 -6.822 40.376 -6.848 40.411 -6.852 40.443 -6.836 40.483 -6.830 40.619 -6.818 40.654 -6.836 40.778 -6.858 40.878 -6.928 41.009 -6.916 41.038 -6.883 41.062 -6.776 41.108 -6.690 41.214 -6.566 41.304 -6.403 41.375 -6.289 41.455 -6.244 41.516 -6.213 41.532 -6.222 41.560 -6.243 41.602 -6.308 41.642 -6.392 41.665 -6.485 41.664 -6.542 41.672 -6.559 41.704 -6.553 41.790 -6.558 41.874 -6.575 41.913 -6.618 41.942 -6.704 41.935 -6.777 41.958 -6.833 41.964 -6.866 41.945 -7.030 41.951 -7.099 41.964 -7.147 41.981 -7.178 41.972 -7.195 41.955 -7.198 41.929 -7.210 41.895 -7.269 41.864 -7.404 41.834 -7.513 41.836 -7.613 41.858 -7.645 41.874 -7.693 41.888 -7.896 41.871 -7.921 41.884 -7.991 41.852 -8.094 41.814 -8.152 41.812 -8.174 41.820 -8.181 41.837 -8.225 41.896 -8.213 41.927 -8.130 42.018 -8.139 42.040 -8.174 42.069 -8.204 42.112 -8.213 42.134 -8.266 42.137 -8.323 42.115 -8.538 42.069 -8.590 42.053 -8.683 42.009 -8.777 41.941
13.815 48.767 13.803 48.748 13.797 48.686 13.799 48.622 13.785 48.587 13.724 48.542 13.692 48.533 13.675 48.523 13.487 48.582 13.472 48.572 13.460 48.565 13.409 48.394 13.375 48.361 13.323 48.331 13.215 48.302 13.140 48.290 13.082 48.275 12.897 48.204 12.814 48.161 12.760 48.107 12.760 48.076 12.850 47.985 12.954 47.891 12.954 47.808 12.908 47.746 12.898 47.722 12.928 47.713 12.985 47.709 13.034 47.699 13.054 47.655 13.048 47.579 13.032 47.508 13.014 47.478 12.968 47.476 12.879 47.506 12.809 47.542 12.783 47.564 12.781 47.590 12.796 47.607 12.771 47.639 12.686 47.669 12.594 47.656 12.527 47.636 12.483 47.637 12.436 47.666 12.363 47.688 12.268 47.703 12.209 47.718 12.197 47.709 12.204 47.647 12.186 47.620 11.717 47.583 11.574 47.550 11.470 47.506 11.393 47.487 11.374 47.460 11.298 47.425 11.212 47.414 11.191 47.425 11.136 47.409 11.042 47.393 10.981 47.398 10.952 47.427 10.894 47.470 10.871 47.501 10.873 47.520 10.742 47.524 10.659 47.547 10.483 47.542 10.439 47.552 10.430 47.541 10.404 47.417 10.369 47.366 10.313 47.313 10.241 47.284 10.183 47.279 10.186 47.317 10.200 47.363 10.159 47.374 10.096 47.380 10.066 47.393 10.074 47.429 10.060 47.449 10.034 47.474 9.972 47.505 9.839 47.552 9.749 47.576 9.715 47.551 9.651 47.526 9.549 47.534 9.524 47.524
16.093 46.863 16.037 46.845 15.977 46.801 15.980 46.706 15.972 46.697 15.958 46.678 15.767 46.711 15.760 46.711 15.633 46.698 15.545 46.655 15.439 46.630 15.217 46.643 15.001 46.626 14.949 46.613 14.893 46.606 14.841 46.580 14.811 46.545 14.757 46.499 14.680 46.463 14.597 46.436 14.577 46.413 14.550 46.400 14.504 46.417 14.466 46.416 14.420 46.428 14.267 46.441 14.100 46.462 14.020 46.482 13.929 46.498 13.831 46.511 13.744 46.514 13.700 46.520
18.436 42.560 18.454 42.564 18.480 42.579 18.535 42.620 18.546 42.642 18.543 42.674 18.466 42.777 18.455 42.844 18.444 42.968 18.460 42.998 18.488 43.012 18.624 43.028 18.622 43.125 18.630 43.154 18.657 43.194 18.674 43.231 18.749 43.284 18.851 43.346 18.896 43.348 18.935 43.339 18.979 43.285 19.027 43.292 19.037 43.357 18.974 43.442 18.940 43.497 18.951 43.527 18.974 43.542 19.028 43.533 19.080 43.518 19.113 43.528 19.164 43.535 19.194 43.533
19.194 43.533 19.254 43.584 19.301 43.592 19.360 43.593 19.400 43.568 19.451 43.562 19.480 43.595 19.495 43.643 19.488 43.704 19.364 43.845 19.257 43.943 19.245 43.965 19.268 43.983 19.305 43.993 19.345 43.985 19.449 43.978 19.550 43.987 19.584 44.011 19.584 44.043 19.547 44.073 19.430 44.155 19.339 44.226 19.232 44.281 19.152 44.303 19.128 44.330 19.118 44.360 19.127 44.415 19.132 44.484 19.151 44.527 19.223 44.610 19.292 44.697 19.335 44.781 19.357 44.859 19.349 44.881 19.313 44.897 19.237 44.914 19.132 44.900 19.042 44.871 19.007 44.869 18.941 44.865 18.836 44.883 18.788 44.915 18.780 44.947 18.779 44.977 18.746 45.027 18.663 45.077 18.488 45.086 18.424 45.102 18.358 45.121 18.285 45.134 18.218 45.133 18.137 45.119 17.996 45.142 17.949 45.112 17.874 45.077 17.813 45.078 17.690 45.158 17.653 45.163 17.546 45.123 17.503 45.120 17.469 45.133 17.324 45.164 17.259 45.171 17.211 45.156 17.125 45.172 16.919 45.277 16.791 45.197 16.531 45.217 16.453 45.162 16.365 45.058 16.293 45.009 16.231 45.027 16.157 45.072 16.028 45.190 15.963 45.211 15.888 45.216 15.823 45.203 15.788 45.179 15.761 45.008 15.738 44.856 15.737 44.766 15.880 44.682 16.049 44.538 16.103 44.521 16.130 44.474 16.170 44.352 16.214 44.215 16.300 44.124 16.378 44.060 16.472 44.003 16.590 43.913 16.688 43.815 16.713 43.779 16.902 43.649 17.085 43.517 17.248 43.470 17.274 43.446 17.275 43.344 17.293 43.306 17.402 43.199 17.625 43.043 17.651 43.007 17.658 42.980 17.643 42.960 17.585 42.938
19.007 44.869 18.995 44.904 19.010 44.919 19.038 44.918 19.061 44.911 19.085 44.927 19.100 44.974 19.063 45.137 19.130 45.152 19.131 45.175 19.137 45.196 19.206 45.168 19.303 45.167 19.388 45.173 19.401 45.189 19.400 45.212 19.382 45.231 19.352 45.245 19.330 45.268 19.273 45.278 19.093 45.337 19.005 45.400 19.008 45.466 19.033 45.502 19.064 45.515 19.055 45.527 18.954 45.558 18.918 45.601 18.947 45.656 18.894 45.767 18.839 45.836 18.894 45.866 18.901 45.908 18.905 45.932
16.953 48.599 16.985 48.677 17.063 48.781 17.136 48.841 17.188 48.861 17.297 48.843 17.483 48.828 17.625 48.842 17.759 48.888 17.831 48.929 17.893 48.971 17.913 48.999 17.941 49.012 18.051 49.037 18.086 49.065 18.100 49.119 18.110 49.180 18.133 49.225 18.161 49.257 18.365 49.336 18.383 49.364 18.416 49.391 18.476 49.421 18.535 49.465 18.597 49.491 18.676 49.488 18.750 49.494 18.807 49.509 18.832 49.511
17.147 48.006 17.086 48.040 17.068 48.083 16.973 48.198 16.865 48.387 16.863 48.441 16.904 48.504 16.943 48.551 16.949 48.589 16.953 48.599
17.147 48.006 17.175 48.012 17.277 48.004 17.302 47.993 17.317 47.991 17.481 47.888 17.635 47.810 17.762 47.770 17.948 47.767 18.146 47.763 18.476 47.777 18.724 47.787 18.741 47.807 18.778 47.853 18.748 47.893 18.750 47.939 18.792 48.000 18.914 48.051 19.265 48.073 19.467 48.111 19.497 48.162 19.564 48.213 19.625 48.223 19.709 48.200 19.810 48.155 19.899 48.131 19.950 48.147 20.129 48.222 20.334 48.296 20.475 48.495 20.490 48.527 20.643 48.550 20.867 48.546 20.981 48.520 21.067 48.506 21.196 48.511 21.382 48.553 21.451 48.552 21.505 48.522 21.563 48.496 21.603 48.464 21.633 48.418 21.649 48.401 21.675 48.378 21.721 48.347 21.767 48.338 22.111 48.393 22.132 48.405
14.809 50.859 14.814 50.872 14.917 51.009 14.964 51.095 15.017 51.253 14.953 51.377 14.936 51.435 14.906 51.463 14.725 51.524 14.711 51.545 14.739 51.627 14.725 51.662 14.681 51.698 14.624 51.771 14.602 51.832 14.675 51.905 14.693 51.958 14.725 52.031 14.748 52.071 14.753 52.082 14.705 52.110 14.692 52.150 14.705 52.207 14.680 52.250 14.616 52.278 14.574 52.314 14.555 52.360 14.570 52.431 14.619 52.528 14.514 52.646 14.254 52.783 14.129 52.878 14.139 52.933 14.194 52.982 14.293 53.027 14.369 53.106 14.411 53.199 14.412 53.217 14.415 53.284 14.299 53.556 14.280 53.625 14.266 53.707 14.198 53.919 14.211 53.950
22.877 47.947 22.856 47.960 22.846 47.997 22.857 48.030 22.836 48.060 22.782 48.095 22.769 48.110 22.702 48.107 22.683 48.104 22.676 48.104 22.582 48.134 22.520 48.205 22.424 48.243 22.350 48.256 22.317 48.287 22.295 48.327 22.272 48.358 22.269 48.361 22.254 48.407 22.231 48.412 22.227 48.413 22.132 48.405
28.585 43.742 28.423 43.740 28.375 43.745 28.222 43.773 28.050 43.822 27.949 43.919 27.884 43.987 27.739 43.956 27.711 43.965 27.671 43.998 27.561 44.020 27.425 44.021 27.121 44.146 27.087 44.167 26.848 44.146 26.489 44.084 26.216 44.007 25.933 43.871 25.819 43.767 25.686 43.712 25.497 43.671 25.160 43.686 24.808 43.738 24.431 43.794 24.227 43.763 23.951 43.787 23.535 43.854 23.225 43.874 22.919 43.834 22.868 43.865 22.856 43.899 22.868 43.948 22.911 43.987 22.985 44.017 23.024 44.047 23.028 44.078 22.945 44.127 22.775 44.195 22.705 44.238
20.242 46.109 20.301 46.051 20.359 45.975 20.438 45.941 20.533 45.900 20.581 45.870 20.653 45.779 20.709 45.735 20.728 45.737 20.747 45.749 20.760 45.758 20.775 45.750 20.776 45.723 20.779 45.662 20.766 45.597 20.786 45.536 20.787 45.517 20.773 45.500 20.774 45.484 20.794 45.468 20.871 45.428 20.942 45.365 21.024 45.322 21.100 45.294 21.148 45.292 21.226 45.241 21.382 45.205 21.431 45.193 21.465 45.172 21.490 45.148 21.492 45.122 21.468 45.110 21.434 45.075 21.421 45.033 21.396 45.022 21.371 45.021 21.353 45.009 21.357 44.991 21.378 44.973 21.410 44.958 21.472 44.942 21.533 44.919 21.532 44.901 21.520 44.881 21.442 44.873 21.384 44.870 21.358 44.862 21.360 44.827
22.916 41.336 23.026 41.326 23.156 41.322 23.240 41.385 23.372 41.390 23.433 41.399 23.536 41.386 23.635 41.387 23.762 41.413 23.881 41.456 23.974 41.452 24.011 41.460 24.033 41.469 24.056 41.527 24.230 41.531 24.289 41.525 24.387 41.524 24.488 41.555 24.518 41.553 24.569 41.467 24.596 41.443 24.651 41.420 24.774 41.356 24.796 41.373 24.847 41.394 24.994 41.365 25.133 41.316 25.251 41.244 25.382 41.264 25.527 41.300 25.622 41.310 25.724 41.315 25.785 41.330 25.923 41.312 26.066 41.351 26.135 41.386 26.155 41.435 26.144 41.522 26.111 41.608 26.077 41.640 26.066 41.673 26.086 41.704 26.107 41.726 26.201 41.744 26.321 41.717 26.411 41.696 26.462 41.663 26.495 41.633 26.545 41.607 26.581 41.601 26.610 41.512 26.625 41.402 26.602 41.354 26.536 41.343 26.331 41.239 26.326 41.143 26.328 41.097 26.333 41.064 26.354 41.037 26.354 40.997 26.331 40.955 26.241 40.883 26.179 40.827 26.109 40.750 26.070 40.740 26.039 40.727
20.064 42.547 20.046 42.550 19.939 42.507 19.860 42.486 19.788 42.476 19.754 42.497 19.738 42.525 19.741 42.607 19.728 42.635 19.703 42.648 19.654 42.629 19.597 42.565 19.545 42.492 19.465 42.415 19.400 42.342 19.329 42.249 19.281 42.173 19.331 42.129 19.361 42.069 19.352 42.024 19.361 41.998 19.345 41.919 19.342 41.869
26.619 48.260 26.714 48.263 26.787 48.256 26.901 48.211 26.981 48.155 27.012 48.111 27.080 48.048 27.152 47.959 27.231 47.842 27.248 47.782 27.278 47.718 27.337 47.640 27.449 47.553 27.465 47.537 27.516 47.476 27.614 47.341 27.696 47.286 27.768 47.228 27.802 47.168 27.854 47.114 27.974 47.043 28.072 46.978 28.150 46.792 28.205 46.706 28.239 46.641 28.223 46.508 28.244 46.451 28.200 46.348 28.119 46.139 28.100 45.973 28.114 45.883 28.116 45.826 28.135 45.789 28.156 45.713 28.160 45.647 28.131 45.628 28.090 45.613 28.075 45.599 28.112 45.569 28.163 45.514 28.212 45.450
22.877 47.947 22.913 47.964 23.055 48.007 23.091 48.049 23.139 48.087 23.203 48.085 23.408 47.990 23.629 47.996 23.669 47.992 23.682 47.990 23.709 47.983 24.002 47.936 24.047 47.941 24.060 47.945 24.178 47.906 24.282 47.911 24.381 47.938 24.484 47.947 24.579 47.931 24.651 47.877 24.838 47.761 24.893 47.718 24.979 47.724 25.074 47.746 25.170 47.823 25.464 47.911 25.689 47.932 25.909 47.968 26.163 47.993 26.236 48.064 26.277 48.113 26.306 48.204 26.442 48.230 26.572 48.248 26.619 48.260
22.539 49.073 22.580 49.077 22.701 49.040 22.810 49.021 22.840 49.039 22.852 49.063 22.847 49.081 22.760 49.136 22.706 49.171 22.702 49.193 22.722 49.241 22.732 49.295 22.720 49.354 22.661 49.484 22.649 49.539 22.706 49.606 22.891 49.766 22.952 49.826 23.036 49.899 23.265 50.073 23.409 50.174 23.506 50.230 23.649 50.327 23.712 50.377 23.973 50.410 24.005 50.457 24.053 50.508 24.090 50.530 24.095 50.617 24.046 50.723 24.007 50.760 23.978 50.786 23.997 50.809 24.026 50.816 24.062 50.820 24.106 50.845 24.096 50.873 23.986 50.940 23.938 50.993 23.863 51.126 23.712 51.265 23.664 51.310 23.658 51.352 23.680 51.395 23.659 51.449 23.605 51.518
20.900 55.287 21.075 55.263 21.298 55.264 21.389 55.276 21.447 55.234 21.555 55.195 21.683 55.160 21.874 55.101 22.072 55.064 22.138 55.059 22.346 55.064 22.567 55.059 22.627 54.971 22.737 54.929 22.825 54.871 22.831 54.838 22.710 54.633 22.684 54.563 22.680 54.493 22.724 54.406 22.766 54.357
31.763 52.101 31.759 52.126 31.691 52.221 31.650 52.262 31.602 52.285 31.577 52.312 31.577 52.426 31.586 52.532 31.616 52.546 31.526 52.633 31.519 52.699 31.563 52.731 31.565 52.759 31.535 52.798 31.443 52.862 31.353 52.933 31.295 52.990 31.259 53.017 31.303 53.061 31.365 53.139 31.388 53.185 31.418 53.196 31.563 53.202 31.668 53.201 31.747 53.184 31.777 53.147 31.850 53.106 32.055 53.089 32.142 53.091 32.251 53.128 32.426 53.211 32.469 53.270 32.578 53.312 32.644 53.329 32.704 53.336 32.710 53.371 32.706 53.419 32.686 53.448 32.470 53.547 32.442 53.579 32.425 53.617 32.451 53.653 32.450 53.693 32.200 53.781 31.992 53.797 31.821 53.792 31.754 53.810 31.783 53.855 31.825 53.935 31.838 54.001 31.826 54.031 31.792 54.056 31.628 54.111 31.404 54.196 31.299 54.292 31.246 54.392 31.185 54.453 31.075 54.492 31.082 54.517 31.155 54.611 31.152 54.625 31.121 54.648 30.984 54.696 30.799 54.783 30.791 54.806 30.804 54.861 30.830 54.915 30.867 54.941 30.978 55.050 30.978 55.088 30.959 55.138 30.877 55.223 30.814 55.279 30.811 55.307 30.821 55.330 30.862 55.360 30.901 55.397 30.909 55.525 30.907 55.570 30.882 55.596 30.856 55.608 30.801 55.601 30.722 55.622 30.662 55.655 30.626 55.666 30.587 55.700 30.475 55.769 30.456 55.787 30.234 55.845 30.043 55.836 29.937 55.845 29.882 55.832 29.824 55.795 29.744 55.770 29.685 55.770 29.630 55.751 29.482 55.685 29.413 55.725 29.353 55.784 29.373 55.835 29.398 55.881 29.396 55.912 29.375 55.939 29.283 55.968 29.087 56.021 29.032 56.022 28.947 56.002 28.795 55.943 28.741 55.955 28.691 56.003 28.637 56.062 28.564 56.092 28.407 56.089 28.392 56.087 28.316 56.053 28.284 56.056 28.148 56.143
31.763 52.101 31.782 52.099 31.876 52.071 31.974 52.047 32.042 52.045 32.122 52.051 32.217 52.083 32.283 52.114 32.363 52.272 32.391 52.295 32.435 52.307 32.508 52.309 32.645 52.279 32.807 52.253 32.900 52.256 33.148 52.340 33.287 52.354 33.452 52.334 33.613 52.333 33.735 52.345 33.819 52.316 33.922 52.251 34.015 52.156 34.113 51.980 34.398 51.780 34.403 51.741 34.379 51.717 34.239 51.692 34.121 51.679 34.115 51.645 34.147 51.608 34.201 51.554 34.209 51.484 34.207 51.420 34.230 51.363 34.275 51.340 34.281 51.312 34.228 51.277 34.214 51.255 34.234 51.244 34.491 51.237 34.617 51.203 34.712 51.172 34.760 51.169 34.869 51.189 34.990 51.202 35.064 51.203 35.093 51.181 35.115 51.121 35.158 51.061 35.198 51.044 35.269 51.047 35.312 51.044 35.335 51.021 35.309 50.987 35.315 50.950 35.346 50.904 35.383 50.799 35.417 50.768 35.440 50.728 35.440 50.682 35.412 50.642 35.392 50.611 35.412 50.540 35.489 50.460 35.546 50.440 35.591 50.369 35.674 50.346 35.796 50.406 35.890 50.437 36.008 50.420 36.116 50.409 36.189 50.368 36.243 50.312 36.306 50.280 36.369 50.297 36.500 50.280 36.560 50.235 36.619 50.209 36.696 50.246 36.759 50.292 36.989 50.340 37.131 50.352 37.171 50.361 37.255 50.395 37.343 50.418 37.423 50.411 37.501 50.341 37.582 50.292 37.605 50.215 37.704 50.109 37.950 49.964 38.047 49.920 38.112 49.928 38.147 49.939 38.163 49.955 38.178 50.025 38.209 50.051 38.259 50.052 38.451 49.964 38.552 49.955 38.648 49.953 38.777 49.884 38.918 49.825 39.028 49.818 39.115 49.842 39.175 49.856 39.212 49.833 39.246 49.782 39.303 49.742 39.368 49.731 39.463 49.728 39.627 49.651 39.781 49.572 39.877 49.568 39.959 49.591 40.031 49.597 40.081 49.577 40.095 49.543 40.058 49.497 40.058 49.432 40.126 49.369 40.128 49.307 40.109 49.252 40.070 49.200 39.976 49.130 39.890 49.064 39.759 49.037 39.687 49.008 39.706 48.960 39.753 48.914 39.864 48.878 39.989 48.851 40.004 48.822 39.984 48.807 39.904 48.794 39.793 48.808 39.756 48.782 39.705 48.739 39.670 48.662 39.645 48.591 39.765 48.572 39.836 48.543 39.858 48.484 39.883 48.419 39.890 48.360 39.850 48.332 39.847 48.303 39.866 48.288 39.918 48.282 39.958 48.269 39.961 48.238 39.885 48.168 39.814 48.035 39.776 47.964 39.779 47.888 39.736 47.845 39.658 47.841 39.391 47.834 39.158 47.837 39.058 47.849 38.900 47.855 38.822 47.837 38.719 47.714 38.641 47.666 38.511 47.622 38.369 47.610 38.287 47.559 38.259 47.480 38.257 47.409 38.243 47.374 38.212 47.343 38.201 47.321 38.208 47.297 38.241 47.288 38.281 47.277 38.281 47.259 38.265 47.237 38.221 47.213 38.201 47.175 38.206 47.136 38.214 47.091
43.439 41.107 43.455 41.065 43.517 41.005 43.592 40.968 43.632 40.929 43.696 40.794 43.723 40.720 43.713 40.648 43.668 40.574 43.569 40.482 43.594 40.444 43.616 40.393 43.608 40.357 43.678 40.239 43.710 40.166 43.683 40.150 43.666 40.126 43.792 40.070 43.942 40.023 44.005 40.014 44.178 40.036 44.289 40.040 44.400 39.996 44.560 39.888 44.734 39.746 44.768 39.704 44.783 39.685 44.783 39.685
70.958 40.239 70.899 40.235 70.653 40.201 70.603 40.214 70.566 40.267 70.534 40.324 70.470 40.345 70.398 40.361 70.372 40.384 70.370 40.412 70.377 40.439 70.383 40.453 70.549 40.563 70.698 40.661 70.712 40.669 70.726 40.688 70.751 40.722 70.751 40.740 70.639 40.779 70.635 40.797 70.657 40.815 70.657 40.840 70.578 40.911 70.441 41.023 70.402 41.035 70.373 41.028 70.319 40.919 70.292 40.892 70.136 40.820 70.006 40.771 69.773 40.684 69.713 40.657 69.671 40.662 69.628 40.679 69.498 40.767 69.414 40.797 69.357 40.767 69.309 40.724 69.314 40.635 69.260 40.588 69.206 40.567 69.304 40.327 69.294 40.297 69.220 40.288 69.275 40.198 69.228 40.188 69.110 40.209 68.952 40.223 68.653 40.183 68.631 40.167 68.622 40.147 68.640 40.129 68.785 40.127 68.927 40.136 68.966 40.120 68.972 40.090 68.956 40.071 68.908 40.068 68.805 40.050 68.793 40.032 68.789 40.013 68.824 39.961 68.864 39.927 68.869 39.907 68.852 39.891 68.832 39.884 68.798 39.909 68.778 39.904 68.768 39.882 68.758 39.856 68.735 39.836 68.687 39.846 68.639 39.839 68.610 39.743 68.586 39.635 68.507 39.563 68.463 39.537 68.399 39.529 68.303 39.538 68.245 39.548 68.077 39.564 67.909 39.594 67.719 39.621 67.542 39.558 67.492 39.519 67.460 39.482 67.426 39.466 67.350 39.242 67.358 39.217 67.400 39.197 67.616 39.150 67.648 39.131 67.667 39.109 67.677 39.008 67.694 38.995 67.769 38.982 67.876 38.983 67.960 38.993 68.044 38.984 68.103 38.962 68.133 38.928 68.149 38.891 68.048 38.669 68.056 38.589 68.087 38.474 68.144 38.383 68.251 38.295 68.333 38.238 68.350 38.211 68.355 38.170 68.341 38.117 68.294 38.033 68.236 37.960 68.174 37.928 68.088 37.835 68.011 37.721 67.864 37.571 67.814 37.487 67.798 37.245 67.759 37.172
35.893 35.917 35.968 35.910 36.127 35.831 36.154 35.834 36.202 35.938 36.249 35.973 36.348 36.004 36.375 36.171 36.421 36.203 36.477 36.221 36.562 36.224 36.637 36.234 36.641 36.264 36.537 36.457 36.547 36.506 36.597 36.701 36.628 36.778 36.659 36.803 36.777 36.793 36.942 36.758 36.985 36.702 37.066 36.653 37.187 36.656 37.327 36.647 37.436 36.643 37.524 36.678 37.720 36.744 37.818 36.766 37.907 36.795 38.192 36.902 38.306 36.893 38.384 36.879 38.444 36.862 38.578 36.789 38.689 36.715 38.767 36.693 38.906 36.695 39.108 36.681 39.357 36.682 39.501 36.702 39.686 36.739 40.016 36.826 40.450 37.009 40.706 37.098 40.816 37.108 40.959 37.109 41.102 37.086 41.265 37.069 41.340 37.071 41.516 37.089 41.744 37.126 41.887 37.156 42.060 37.206 42.168 37.289 42.203 37.297 42.248 37.282 42.269 37.277 42.313 37.230 42.359 37.109
35.451 31.479 35.423 31.325 35.424 31.325 35.401 31.230 35.410 31.214 35.439 31.132 35.383 30.982 35.320 30.860 35.298 30.802 35.237 30.673 35.174 30.524 35.141 30.421 35.148 30.384 35.133 30.195 35.142 30.142 35.068 29.978 35.053 29.897 35.024 29.787 34.973 29.555
35.551 32.396 35.572 32.238 35.535 32.103 35.532 31.985 35.559 31.766 35.499 31.672 35.465 31.562 35.451 31.479
35.611 32.682 35.594 32.668 35.573 32.641 35.569 32.620 35.551 32.396
52.494 41.780 52.697 41.944 52.870 42.061 53.013 42.131 53.056 42.148 53.250 42.206 53.501 42.258 53.685 42.297 53.926 42.330 54.005 42.336 54.121 42.335 54.215 42.304 54.272 42.280 54.473 42.180 54.678 42.078 54.854 41.965 54.904 41.919 54.932 41.864 54.952 41.810 55.102 41.639 55.162 41.560 55.250 41.458 55.320 41.408 55.388 41.347 55.434 41.296 55.487 41.272 55.545 41.263 55.679 41.279 55.839 41.311 55.935 41.324 55.977 41.322
55.977 41.322 56.242 41.311 56.480 41.301 56.774 41.288 56.861 41.276 56.966 41.265 57.018 41.263 57.064 41.307 57.095 41.331 57.119 41.350 57.114 41.372 57.077 41.390 57.018 41.451 56.985 41.669 56.964 41.857 57.034 41.915 57.114 41.957 57.229 42.084 57.291 42.124 57.382 42.156 57.686 42.165 57.814 42.190 57.856 42.231 57.923 42.335 57.946 42.420 57.983 42.459 58.029 42.488 58.076 42.487 58.166 42.462 58.234 42.448 58.283 42.429 58.327 42.399 58.370 42.347 58.377 42.312 58.397 42.292 58.431 42.292 58.457 42.292 58.474 42.299 58.486 42.317 58.477 42.340 58.418 42.407 58.289 42.527 58.204 42.576 58.162 42.603 58.152 42.628 58.206 42.666 58.260 42.688 58.353 42.672 58.477 42.663 58.532 42.682 58.589 42.778 58.730 42.676 58.877 42.561 58.931 42.540 59.036 42.528 59.123 42.524 59.160 42.511 59.199 42.482 59.277 42.356 59.354 42.323 59.451 42.300 59.763 42.302 59.858 42.295 59.937 42.236 59.985 42.212 60.006 42.191 60.001 42.165 59.982 42.132 59.979 42.068 59.974 42.019 59.949 41.995 59.942 41.974 59.963 41.954 60.107 41.907 60.156 41.857 60.192 41.834 60.201 41.803 60.176 41.782 60.109 41.793 60.076 41.760 60.076 41.701 60.124 41.645 60.138 41.594 60.106 41.545 60.069 41.476 60.067 41.427 60.090 41.399 60.200 41.349 60.455 41.222 60.514 41.216 60.755 41.246 60.867 41.249 60.933 41.229 61.120 41.211 61.179 41.191 61.242 41.189 61.329 41.195 61.387 41.252 61.417 41.265 61.444 41.275 61.497 41.276 61.645 41.240 61.800 41.163 61.903 41.094 61.954 41.031 62.018 40.894 62.095 40.683 62.188 40.541 62.298 40.468 62.375 40.332 62.442 40.036 62.483 39.976 62.526 39.944 62.651 39.858 62.907 39.717 63.058 39.633 63.292 39.500 63.506 39.377 63.721 39.188 63.764 39.161 63.953 39.058 64.163 38.954 64.310 38.977 64.532 38.816 64.622 38.756 64.660 38.736 64.821 38.672 65.077 38.539 65.400 38.349 65.613 38.239 65.671 38.226 65.729 38.226 65.790 38.250 65.857 38.269 65.971 38.244 66.095 38.200 66.173 38.167 66.264 38.118 66.335 38.072 66.390 38.051 66.575 38.011 66.606 37.987 66.626 37.960 66.629 37.932 66.526 37.786 66.511 37.599 66.511 37.459 66.522 37.348
49.232 46.337 49.184 46.349 48.959 46.442 48.774 46.508 48.610 46.566 48.586 46.577 48.541 46.606 48.509 46.650 48.502 46.699 48.519 46.734 48.558 46.757 48.605 46.766 48.647 46.759 48.694 46.737 48.776 46.710 48.884 46.705 48.950 46.726 48.959 46.775 48.832 46.955 48.714 47.100 48.601 47.262 48.553 47.321 48.413 47.456 48.276 47.590 48.167 47.709 48.110 47.745 47.935 47.761 47.600 47.790 47.482 47.804 47.387 47.769 47.292 47.741 47.202 47.792 47.131 47.877 47.093 47.948 47.112 48.020 47.119 48.127 47.065 48.232 47.004 48.284 46.853 48.324 46.661 48.412 46.609 48.574 46.703 48.806 46.853 48.970 46.962 49.038 47.014 49.098 47.031 49.150 47.018 49.200 46.953 49.253 46.853 49.304 46.802 49.367 46.823 49.502 46.890 49.697 46.992 49.853 47.130 49.939 47.248 50.001 47.295 50.058 47.298 50.140 47.295 50.218 47.326 50.274 47.376 50.318 47.429 50.358 47.504 50.403 47.600 50.414 47.706 50.378 47.850 50.282 48.061 50.094 48.181 49.970 48.225 49.932 48.335 49.858 48.434 49.829 48.600 49.875 48.759 49.928 48.810 49.962 48.843 50.013 48.818 50.100 48.785 50.156 48.749 50.228 48.701 50.354 48.666 50.550 48.625 50.613 48.655 50.620 48.735 50.607 48.808 50.601 48.914 50.645 49.059 50.726 49.323 50.852 49.379 50.935 49.425 51.027 49.498 51.084 49.666 51.102 49.822 51.132 49.932 51.197 50.105 51.255 50.247 51.290 50.309 51.322 50.354 51.370 50.516 51.506 50.644 51.589 50.756 51.675 50.794 51.729 50.882 51.719 51.018 51.682 51.163 51.647 51.270 51.594 51.291 51.540 51.301 51.497 51.345 51.475 51.396 51.471 51.473 51.482 51.609 51.484 51.775 51.554 52.007 51.673 52.219 51.709 52.331 51.681 52.423 51.594 52.496 51.512 52.571 51.482 52.618 51.481 52.635 51.480 52.728 51.498 52.820 51.495 52.903 51.467 53.038 51.464 53.227 51.485 53.247 51.494 53.338 51.482 53.449 51.445 53.535 51.400 53.688 51.252 53.776 51.214 53.957 51.161 54.041 51.115 54.140 51.041 54.191 50.996 54.298 50.914 54.422 50.780 54.443 50.674 54.471 50.584 54.517 50.541 54.555 50.536 54.596 50.551 54.636 50.592 54.650 50.660 54.638 50.781 54.606 50.880 54.566 50.911 54.546 50.946 54.573 50.990 54.642 51.012 54.727 50.998 54.868 50.941 55.015 50.870 55.195 50.745 55.361 50.665 55.542 50.602 55.686 50.583 55.798 50.602 55.929 50.654 56.050 50.714 56.105 50.776 56.144 50.845 56.326 50.936 56.491 51.020 56.567 51.005 56.620 50.981 56.790 51.032 56.850 51.046 57.012 51.065 57.179 51.036 57.313 50.947 57.442 50.889 57.558 50.896 57.654 50.925 57.717 50.981 57.765 51.047 57.829 51.089 57.839 51.092 58.045 51.069 58.175 51.072 58.188 51.082 58.359 51.064 58.547 50.971 58.665 50.868 58.814 50.737 58.884 50.694 58.985 50.676 59.064 50.668 59.171 50.648 59.452 50.620 59.495 50.604 59.524 50.583 59.498 50.511 59.523 50.493 59.751 50.544 59.812 50.582 59.888 50.690 59.955 50.799 60.005 50.840 60.059 50.850 60.112 50.834 60.187 50.770 60.288 50.704 60.425 50.679 60.508 50.669 60.638 50.664 60.942 50.696 61.227 50.775 61.389 50.861 61.465 50.990 61.512 51.137 61.585 51.230 61.555 51.325 61.411 51.415 61.363 51.442 61.015 51.492 60.993 51.529 60.974 51.537 60.630 51.617 60.465 51.651 60.418 51.704 60.388 51.773 60.280 51.835 60.067 51.891 60.030 51.933 60.066 51.976 60.234 52.024 60.425 52.126 60.499 52.146 60.670 52.151 60.828 52.233 60.938 52.281 60.995 52.337 60.979 52.395 60.821 52.570 60.774 52.676 60.802 52.745 60.893 52.819 60.945 52.860 61.007 52.933 61.047 52.972 61.207 52.989 61.401 52.996 61.534 52.979 61.719 52.969 61.889 52.956 61.974 52.944 62.037 52.966 62.083 53.005 62.081 53.057 62.015 53.108 61.766 53.174 61.660 53.228 61.576 53.222 61.437 53.239 61.311 53.275 61.199 53.287 61.163 53.337 61.186 53.406 61.229 53.446 61.312 53.466 61.401 53.456 61.498 53.485 61.527 53.502 61.535 53.523 61.519 53.554 61.474 53.580 61.410 53.587 61.336 53.565 61.248 53.551 61.099 53.583 60.979 53.622 60.986 53.657 61.074 53.710 61.113 53.753 61.113 53.813 61.113 53.882 61.144 53.964 61.231 54.019 61.334 54.049 61.598 53.995 61.929 53.946 61.986 53.954 62.002 53.980 62.040 54.003 62.499 54.013 62.588 54.044 62.633 54.069 63.074 54.105 63.127 54.139 63.191 54.171 63.293 54.170 63.414 54.183 63.582 54.222 63.701 54.243 63.721 54.245 63.847 54.236 64.004 54.267 64.037 54.280 64.063 54.303 64.199 54.347 64.461 54.384 64.525 54.362 64.650 54.352 64.809 54.369 64.927 54.397 64.995 54.369 65.088 54.340 65.158 54.364 65.192 54.441 65.237 54.516 65.316 54.552 65.378 54.564 65.434 54.593 65.477 54.623 65.708 54.619 65.914 54.693 65.955 54.660 66.223 54.667 66.555 54.715 66.755 54.738 67.098 54.788 67.257 54.829 67.485 54.854 67.693 54.872 67.830 54.944 67.940 54.954 68.074 54.960 68.156 54.977 68.209 55.003 68.244 55.052 68.225 55.115 68.206 55.161 68.302 55.187 68.438 55.194 68.525 55.205 68.713 55.309 68.843 55.358 68.977 55.390 69.247 55.373 69.493 55.357 69.740 55.307 69.870 55.246 69.982 55.199 70.087 55.177 70.182 55.162 70.293 55.184 70.371 55.212 70.417 55.253 70.486 55.282 70.738 55.305 70.790 55.261 70.910 55.128 70.992 54.950 71.126 54.715 71.186 54.599 71.159 54.539 71.160 54.455 71.152 54.364 71.053 54.260 71.093 54.212 71.336 54.158 71.677 54.178 71.887 54.221 72.004 54.206
34.198 31.323 34.213 31.292 34.245 31.208 34.329 30.995 34.401 30.828 34.490 30.596 34.518 30.507 34.530 30.446 34.659 30.191 34.735 29.982 34.791 29.812 34.870 29.564 34.904 29.477
27.352 57.528 27.354 57.550 27.372 57.613 27.400 57.667 27.492 57.725 27.515 57.764 27.542 57.799 27.753 57.841 27.777 57.857 27.778 57.871 27.769 57.884 27.722 57.905 27.673 57.935 27.644 58.014 27.571 58.138 27.502 58.221 27.488 58.270 27.506 58.326 27.530 58.381 27.531 58.435 27.427 58.733 27.434 58.787 27.464 58.841 27.513 58.886 27.622 58.945 27.758 59.052 27.849 59.193 27.898 59.278 27.938 59.297 28.016 59.302 28.046 59.328 28.061 59.343 28.128 59.358 28.151 59.374 28.133 59.403 28.066 59.453 28.013 59.484
22.766 54.357 22.732 54.350 22.168 54.360 21.634 54.376 21.141 54.392 20.665 54.407 20.208 54.421 19.924 54.434 19.644 54.447 19.604 54.459
48.442 28.543 48.269 28.541 48.050 28.538 47.872 28.535 47.671 28.533 47.583 28.628 47.553 28.732 47.521 28.838 47.433 28.990 47.139 29.026 46.982 29.046 46.725 29.075 46.531 29.096
44.765 37.142 44.765 37.135 44.798 37.064 44.881 36.799 44.928 36.766 44.981 36.738 45.019 36.698 45.034 36.659 45.029 36.598 45.031 36.526 45.053 36.472 45.084 36.430 45.112 36.409 45.155 36.407 45.207 36.397 45.241 36.356 45.351 36.055 45.362 36.015 45.408 36.003 45.484 36.009 45.562 35.977 45.645 35.928 45.723 35.837 45.776 35.822 45.941 35.835 46.167 35.821 46.273 35.773 46.262 35.744 46.181 35.711 46.037 35.673 45.995 35.608 45.971 35.524 45.975 35.477 46.011 35.425 46.112 35.322 46.118 35.284 46.136 35.232 46.155 35.197 46.134 35.128 46.042 35.080 45.921 35.029 45.678 34.798 45.660 34.749 45.662 34.613 45.637 34.574 45.561 34.575 45.501 34.582 45.498 34.534 45.459 34.470 45.438 34.415 45.527 34.285 45.543 34.216 45.529 34.153 45.446 34.044 45.397 33.971 45.409 33.955 45.473 33.925 45.674 33.687 45.738 33.603 45.823 33.625 45.854 33.623 45.879 33.610 45.895 33.582 45.895 33.546 45.873 33.492 45.981 33.470 46.020 33.416 46.146 33.230 46.141 33.174 46.081 33.087 46.080 33.028 46.093 32.976 46.113 32.958 46.298 32.950 46.377 32.929 46.570 32.834 46.789 32.688 46.969 32.568 47.121 32.467 47.285 32.474 47.330 32.456 47.371 32.424 47.418 32.340 47.512 32.151 47.591 32.088 47.715 31.936 47.830 31.794 47.754 31.601 47.679 31.401 47.679 31.142 47.679 31.002 47.836 30.996 48.011 30.990 48.012 30.824 48.013 30.656 48.015 30.466 48.066 30.458 48.148 30.417 48.182 30.355 48.226 30.321 48.279 30.316 48.331 30.285 48.383 30.230 48.401 30.188 48.388 30.160 48.399 30.110 48.435 30.038 48.479 30.004 48.547 29.962
61.262 35.620 61.239 35.659 61.236 35.706 61.259 35.762 61.252 35.868 61.206 35.944 61.153 35.977 61.160 36.000 61.183 36.053 61.212 36.099 61.212 36.191 61.175 36.290 61.160 36.433 61.170 36.572 61.120 36.643 60.708 36.643 60.341 36.638 60.321 36.654 60.178 36.829 60.063 36.963 59.949 37.042 59.687 37.138 59.562 37.179 59.455 37.253 59.367 37.334 59.345 37.445 59.327 37.481 59.302 37.511 59.274 37.524 59.241 37.521 58.937 37.650 58.815 37.683 58.701 37.656 58.650 37.652 58.550 37.688 58.436 37.639 58.387 37.635 58.318 37.647 58.262 37.666 58.109 37.783 57.981 37.830 57.888 37.861 57.711 37.905 57.521 37.928 57.424 37.948 57.354 37.973 57.336 37.990 57.337 38.033 57.331 38.089 57.308 38.130 57.260 38.180 57.194 38.216 57.079 38.210 56.907 38.213 56.775 38.250 56.670 38.257 56.544 38.250 56.441 38.249 56.367 38.223 56.324 38.191 56.297 38.095 56.272 38.080 56.229 38.073 56.171 38.078 56.050 38.078 55.841 38.095 55.578 38.100 55.381 38.051 55.225 37.981 55.076 37.902 54.900 37.778 54.849 37.723 54.745 37.502 54.699 37.470 54.640 37.445 54.579 37.440 54.459 37.408 54.300 37.354 54.192 37.332 53.914 37.344
9.519 30.229 9.421 30.179 9.310 30.115 9.391 29.994 9.546 29.796 9.640 29.636 9.673 29.567 9.746 29.369 9.805 29.177 9.821 29.115 9.843 28.967 9.816 28.560 9.858 28.043 9.916 27.786 9.825 27.553 9.748 27.331 9.753 27.219 9.795 27.045 9.837 26.916 9.894 26.848 9.883 26.631 9.859 26.552 9.685 26.438 9.491 26.334 9.438 26.246 9.422 26.147 9.448 26.067 9.581 25.890 9.781 25.624 10.001 25.332 10.019 25.259 10.028 25.051 10.120 24.790 10.219 24.676 10.256 24.591 10.326 24.530 10.396 24.486 10.439 24.480 10.686 24.551 11.108 24.434 11.508 24.314 11.537 24.291 11.624 24.140 11.767 23.893 11.873 23.695 11.968 23.518
-17.048 20.806 -17.064 20.899 -17.042 21.008 -17.006 21.142 -16.965 21.329 -16.836 21.329 -16.607 21.330 -16.378 21.330 -16.148 21.330 -15.919 21.330 -15.690 21.331 -15.461 21.331 -15.231 21.331 -15.002 21.332 -14.773 21.332 -14.543 21.332 -14.314 21.332 -14.085 21.333 -13.855 21.333 -13.626 21.333 -13.397 21.334 -13.167 21.334 -13.016 21.334 -13.025 21.467 -13.032 21.572 -13.042 21.714 -13.051 21.855 -13.061 21.996 -13.070 22.128 -13.078 22.260 -13.087 22.383 -13.094 22.496 -13.107 22.561 -13.156 22.689 -13.166 22.753 -13.153 22.821 -13.121 22.884 -13.031 23.000 -12.896 23.090 -12.740 23.193 -12.620 23.271 -12.559 23.291 -12.373 23.318 -12.226 23.377 -12.083 23.435 -12.023 23.468 -12.016 23.576 -12.016 23.698 -12.016 23.834 -12.016 23.970 -12.016 24.106 -12.016 24.242 -12.016 24.379 -12.016 24.515 -12.016 24.651 -12.016 24.787 -12.016 24.923 -12.016 25.059 -12.016 25.196 -12.016 25.332 -12.016 25.468 -12.016 25.604 -12.016 25.740 -12.016 25.876 -12.016 25.995 -11.867 25.995 -11.680 25.995 -11.494 25.995 -11.308 25.995 -11.121 25.995 -10.935 25.995 -10.749 25.995 -10.562 25.995 -10.376 25.995 -10.190 25.995 -10.003 25.995 -9.817 25.995 -9.631 25.995 -9.445 25.996 -9.258 25.996 -9.072 25.996 -8.886 25.996 -8.682 25.996 -8.682 26.109 -8.682 26.273 -8.682 26.498 -8.683 26.723 -8.683 26.921 -8.683 27.119 -8.683 27.286
-8.683 27.286 -8.495 27.175 -8.307 27.065 -8.119 26.954 -7.931 26.844 -7.743 26.733 -7.555 26.622 -7.367 26.512 -7.179 26.401 -6.991 26.291 -6.803 26.180 -6.615 26.069 -6.427 25.959 -6.239 25.848 -6.051 25.738 -5.863 25.627 -5.675 25.516 -5.517 25.424 -5.275 25.275 -5.050 25.135 -4.823 24.996
-8.683 27.656 -8.683 27.900 -8.683 28.112 -8.683 28.324 -8.683 28.469 -8.683 28.621 -8.678 28.689 -8.660 28.719 -8.558 28.768 -8.399 28.880 -8.340 28.930 -8.265 28.981 -7.999 29.132 -7.944 29.175 -7.685 29.350 -7.625 29.375 -7.486 29.392 -7.428 29.425 -7.350 29.495 -7.235 29.575 -7.160 29.613 -7.142 29.620 -7.095 29.625 -6.856 29.602 -6.755 29.584 -6.635 29.569 -6.598 29.579 -6.566 29.604 -6.521 29.660 -6.511 29.726 -6.508 29.784 -6.501 29.809 -6.480 29.820 -6.428 29.816 -6.358 29.808 -6.215 29.811 -6.167 29.819 -6.004 29.831 -5.775 29.869 -5.593 29.918 -5.449 29.957 -5.294 30.059 -5.180 30.166 -5.062 30.326 -4.968 30.465 -4.779 30.552 -4.620 30.605 -4.529 30.626 -4.323 30.699 -4.149 30.810 -3.985 30.914 -3.860 30.927 -3.702 30.944 -3.667 30.964 -3.627 31.001 -3.625 31.066 -3.673 31.111 -3.730 31.135 -3.771 31.162 -3.812 31.167 -3.833 31.198 -3.821 31.255 -3.815 31.309 -3.789 31.362 -3.796 31.437 -3.837 31.512 -3.850 31.566 -3.847 31.620 -3.827 31.662 -3.768 31.690 -3.700 31.700 -3.605 31.687 -3.440 31.705 -3.017 31.834 -2.988 31.874 -2.961 31.964 -2.931 32.043 -2.887 32.069 -2.863 32.075 -2.723 32.096 -2.523 32.126 -2.448 32.130 -2.231 32.121 -2.073 32.115 -1.817 32.105 -1.635 32.100 -1.477 32.095 -1.275 32.089
-8.683 27.286 -8.683 27.490 -8.683 27.656
-4.823 24.996 -5.173 24.995 -5.641 24.995 -5.960 24.995 -6.287 24.995 -6.594 24.995 -6.567 24.767 -6.539 24.518 -6.510 24.269 -6.482 24.021 -6.454 23.772 -6.425 23.523 -6.397 23.275 -6.368 23.026 -6.340 22.777 -6.311 22.529 -6.283 22.280 -6.254 22.032 -6.226 21.783 -6.197 21.534 -6.169 21.286 -6.140 21.037 -6.112 20.788 -6.083 20.540 -6.055 20.291 -6.026 20.042 -5.998 19.794 -5.969 19.545 -5.941 19.296 -5.913 19.048 -5.884 18.799 -5.856 18.550 -5.827 18.302 -5.799 18.053 -5.770 17.804
4.228 19.143 3.910 19.084 3.683 19.042 3.439 18.996 3.401 18.988 3.356 18.987 3.323 18.988 3.256 19.013 3.174 19.073 3.120 19.103 3.106 19.150 3.138 19.212 3.177 19.268 3.192 19.312 3.220 19.345 3.254 19.373 3.256 19.411 3.227 19.474 3.202 19.560 3.203 19.718 3.203 19.771 3.204 19.790 3.130 19.850 2.993 19.917 2.866 19.956 2.808 19.969 2.668 19.993 2.474 20.035 2.406 20.064 2.281 20.210 2.219 20.248 1.929 20.273 1.832 20.297 1.753 20.332 1.685 20.378 1.647 20.459 1.636 20.524 1.611 20.556 1.290 20.714 1.209 20.767 1.166 20.817 1.164 20.891 1.173 20.982 1.159 21.062 1.146 21.102 0.999 21.198 0.672 21.412 0.344 21.626 0.017 21.840 -0.311 22.054 -0.638 22.268 -0.965 22.482 -1.293 22.697 -1.620 22.911 -1.948 23.125 -2.275 23.339 -2.603 23.553 -2.930 23.767 -3.258 23.981 -3.585 24.195 -3.913 24.409 -4.240 24.624 -4.517 24.805 -4.823 24.996
4.228 19.143 4.446 19.185 4.671 19.228 5.001 19.291 5.359 19.360 5.748 19.434 5.837 19.479 6.131 19.732 6.263 19.846 6.527 20.073 6.731 20.248 6.989 20.471 7.263 20.694 7.482 20.873 7.825 21.076 8.343 21.381 8.861 21.686 9.379 21.991 9.897 22.297 10.414 22.602 10.932 22.907 11.450 23.213 11.968 23.518
9.519 30.229 9.458 30.465 9.406 30.667 9.363 30.833 9.288 31.125 9.224 31.374 9.160 31.621 9.102 31.846 9.044 32.072 9.019 32.105 8.844 32.212 8.683 32.310 8.515 32.422 8.333 32.544 8.304 32.696 8.211 32.927 8.113 33.055 8.076 33.089 7.877 33.172 7.763 33.233 7.731 33.269 7.709 33.362 7.628 33.549 7.534 33.718 7.500 33.832 7.496 33.977 7.514 34.081 7.555 34.125 7.748 34.254 7.838 34.410 7.949 34.469 8.046 34.513 8.123 34.564 8.193 34.646 8.246 34.734 8.255 34.829 8.277 34.979 8.312 35.085 8.394 35.204 8.360 35.300 8.316 35.403 8.329 35.582 8.318 35.655 8.283 35.719 8.247 35.802 8.246 35.871 8.280 36.051 8.307 36.189 8.349 36.368 8.334 36.418 8.303 36.456 8.209 36.495 8.208 36.519 8.231 36.545 8.370 36.632 8.444 36.761 8.507 36.788 8.601 36.834 8.598 36.884 8.577 36.937
23.980 19.497 23.501 19.733 23.022 19.970 22.543 20.206 22.064 20.443 21.585 20.680 21.106 20.916 20.627 21.153 20.148 21.389 19.669 21.626 19.189 21.862 18.710 22.099 18.231 22.336 17.752 22.572 17.273 22.809 16.794 23.045 16.315 23.282 15.984 23.445 15.627 23.286 15.347 23.161 14.978 22.996
24.980 21.996 24.980 21.498 24.980 20.999 24.980 20.501 24.980 20.003 24.976 20.001 24.973 19.999 24.970 19.997 24.967 19.995 24.720 19.996 24.474 19.996 24.227 19.996 23.980 19.996 23.980 19.871 23.980 19.746 23.980 19.621 23.980 19.497
25.150 31.655 25.112 31.627 25.057 31.567 25.023 31.514 24.930 31.427 24.853 31.335 24.860 31.199 24.878 31.061 24.929 30.926 24.974 30.777 24.961 30.679 24.923 30.558 24.878 30.458 24.726 30.251 24.703 30.201 24.712 30.132 24.804 29.886 24.811 29.809 24.866 29.570 24.916 29.376 24.972 29.224 24.980 29.182 24.980 28.957 24.980 28.733 24.980 28.508 24.980 28.284 24.980 28.059 24.980 27.835 24.980 27.610 24.980 27.385 24.980 27.161 24.980 26.936 24.980 26.712 24.980 26.487 24.980 26.263 24.980 26.038 24.980 25.813 24.980 25.589 24.980 25.364 24.980 25.140 24.980 24.915 24.980 24.691 24.980 24.466 24.980 24.242 24.980 24.017 24.980 23.792 24.980 23.568 24.980 23.343 24.980 23.119 24.980 22.894 24.980 22.670 24.980 22.445 24.980 22.220 24.980 21.996
23.981 18.158 23.981 18.605 23.981 19.051 23.980 19.497
24.980 21.996 25.362 21.996 25.744 21.996 26.126 21.996 26.508 21.996 26.890 21.996 27.272 21.996 27.654 21.995 28.036 21.995 28.419 21.995 28.801 21.995 29.183 21.995 29.565 21.995 29.947 21.995 30.329 21.995 30.711 21.995 31.093 21.995 31.209 21.995 31.261 22.002 31.359 22.189 31.400 22.202 31.464 22.191 31.486 22.148 31.466 22.085 31.434 21.996 31.622 21.996 31.950 21.996 32.278 21.996 32.606 21.996 32.934 21.996 33.262 21.996 33.590 21.996 33.918 21.996 34.247 21.996 34.575 21.996 34.903 21.996 35.231 21.996 35.559 21.996 35.887 21.997 36.215 21.997 36.543 21.997 36.871 21.997
48.172 18.157 48.316 18.227 48.593 18.362 48.865 18.495 49.042 18.582 49.192 18.621 49.445 18.655 49.742 18.695 50.039 18.735 50.355 18.778 50.708 18.825 50.950 18.858 51.258 18.899 51.515 18.934 51.743 18.965 51.978 18.996
51.978 18.996 52.022 18.896 52.066 18.796 52.110 18.696 52.155 18.597 52.199 18.497 52.243 18.397 52.287 18.297 52.332 18.197 52.376 18.097 52.420 17.997
55.186 22.704 55.259 22.591 55.320 22.497 55.404 22.368 55.493 22.231 55.578 22.100 55.641 22.002 55.607 21.900 55.571 21.790 55.534 21.679 55.498 21.568 55.461 21.458 55.424 21.347 55.388 21.236 55.351 21.126 55.314 21.015 55.278 20.904 55.241 20.793 55.205 20.683 55.168 20.572 55.131 20.461 55.095 20.351 55.058 20.240 55.022 20.129 54.977 19.996 54.871 19.960 54.699 19.903 54.527 19.846 54.355 19.788 54.183 19.731 54.011 19.674 53.839 19.616 53.667 19.559 53.495 19.502 53.323 19.444 53.151 19.387 52.979 19.330 52.807 19.272 52.635 19.215 52.463 19.158 52.291 19.100 52.119 19.043 51.978 18.996
55.186 22.704 55.119 22.624 55.104 22.621 55.025 22.631 54.998 22.634 54.923 22.644 54.805 22.658 54.652 22.677 54.472 22.699 54.270 22.723 54.055 22.750 53.832 22.777 53.610 22.804 53.394 22.830 53.192 22.855 53.012 22.877 52.859 22.896 52.742 22.910 52.666 22.919 52.639 22.923 52.555 22.933 52.510 22.987 52.455 23.052 52.400 23.118 52.345 23.183 52.290 23.249 52.235 23.314 52.179 23.380 52.124 23.445 52.069 23.511 52.014 23.576 51.959 23.642 51.904 23.707 51.849 23.773 51.794 23.838 51.739 23.904 51.684 23.970 51.629 24.035 51.593 24.079 51.572 24.128 51.568 24.258 51.568 24.286
42.359 37.109 42.359 37.095 42.350 37.061 42.237 36.961 42.084 36.826 41.974 36.741 41.789 36.597 41.650 36.566 41.417 36.515 41.354 36.464 41.296 36.383 41.262 36.272 41.252 36.203 41.246 36.073 41.300 35.939 41.353 35.810 41.359 35.725 41.354 35.640 41.303 35.551 41.248 35.428 41.216 35.288 41.200 35.027 41.199 34.805 41.195 34.769 41.099 34.612 40.987 34.429 40.935 34.387 40.689 34.332 40.422 34.198 40.122 34.048 39.850 33.911 39.564 33.768 39.268 33.620 39.057 33.514 38.774 33.372
35.787 32.735 35.895 32.714 35.956 32.667 36.059 32.534 36.220 32.495 36.284 32.457 36.372 32.387 36.479 32.361 36.818 32.317 37.089 32.466 37.318 32.591 37.577 32.733 37.754 32.830 38.056 32.995 38.254 33.099 38.516 33.237 38.774 33.372
35.611 32.682 35.734 32.729 35.787 32.735
39.145 32.124 39.293 32.244 39.247 32.351 39.140 32.331 39.041 32.306 38.982 32.473 39.058 32.493 38.987 32.711 38.915 32.935 38.845 33.151 38.774 33.372
34.951 29.354 35.164 29.321 35.339 29.294 35.595 29.255 35.860 29.214 36.015 29.190 36.068 29.201 36.283 29.355 36.476 29.495 36.592 29.666 36.704 29.832 36.755 29.866 36.927 29.897 37.199 29.946 37.469 29.995 37.491 30.012 37.554 30.145 37.634 30.313 37.650 30.331 37.670 30.348 37.863 30.443 37.980 30.500 37.813 30.669 37.656 30.829 37.479 31.008 37.329 31.147 37.105 31.355 36.959 31.492 37.216 31.556 37.493 31.626 37.774 31.696 38.111 31.781 38.376 31.847 38.770 31.946 38.962 31.995 38.997 32.007 39.145 32.124
46.531 29.096 46.356 29.064 45.950 29.096 45.499 29.132 45.050 29.167 44.716 29.194 44.691 29.202 44.361 29.435 44.100 29.619 43.774 29.849 43.441 30.084 43.103 30.322 42.858 30.495 42.560 30.718 42.289 30.920 42.074 31.080 41.800 31.220 41.585 31.330 41.272 31.489 41.022 31.616 40.808 31.725 40.479 31.893 40.369 31.939 40.028 31.995 39.704 32.043 39.369 32.092 39.145 32.124
61.588 25.202 61.615 25.286 61.640 25.585 61.671 25.692 61.662 25.751 61.669 25.769 61.738 25.821 61.754 25.843 61.781 25.996 61.810 26.165 61.842 26.226 61.870 26.242 62.089 26.318 62.126 26.369 62.239 26.357 62.250 26.369 62.260 26.427 62.312 26.491 62.385 26.543 62.439 26.561 62.636 26.594 62.752 26.639 62.787 26.644 63.093 26.632 63.158 26.650 63.168 26.666 63.186 26.838 63.242 26.865 63.250 26.879 63.231 26.998 63.242 27.078 63.305 27.125 63.302 27.151 63.256 27.208 63.196 27.244 63.167 27.252 62.915 27.218 62.812 27.229 62.763 27.250 62.753 27.266 62.763 27.300 62.764 27.357 62.801 27.445 62.812 27.497 62.782 27.801 62.740 28.002 62.763 28.202 62.758 28.244 62.749 28.253 62.718 28.253 62.565 28.235 62.434 28.364 62.353 28.415 62.131 28.479 62.033 28.491 61.890 28.547 61.758 28.668 61.623 28.792 61.569 28.871 61.509 29.006 61.338 29.265 61.339 29.332 61.318 29.373 61.152 29.543 61.034 29.663 60.843 29.859
60.843 29.859 61.104 30.128 61.332 30.364 61.559 30.599 61.784 30.832 61.811 30.913 61.814 31.073 61.755 31.285 61.660 31.382 61.346 31.422 61.111 31.451 60.854 31.483 60.821 31.495 60.792 31.661 60.804 31.734 60.788 31.877 60.790 31.987 60.827 32.168 60.829 32.249 60.710 32.600 60.644 32.794 60.577 32.995 60.562 33.059 60.561 33.138 60.718 33.324 60.767 33.364 60.859 33.456 60.917 33.505 60.907 33.539 60.806 33.559 60.655 33.560 60.574 33.588 60.511 33.639 60.486 33.712 60.527 33.842 60.486 34.095 60.570 34.220 60.643 34.307 60.889 34.319 60.804 34.418 60.763 34.475 60.736 34.492 60.726 34.518 60.739 34.545 60.802 34.555 60.845 34.588 60.915 34.634 60.951 34.654 60.958 34.710 60.991 34.750 61.040 34.799 61.080 34.856 61.070 34.922 61.107 35.001 61.123 35.051 61.150 35.094 61.126 35.157 61.107 35.209 61.100 35.272 61.140 35.289 61.189 35.312 61.199 35.362 61.226 35.424 61.245 35.474 61.279 35.514 61.282 35.553 61.262 35.620
60.843 29.859 61.224 29.749 61.521 29.666 62.001 29.530 62.373 29.425 62.477 29.408 63.568 29.498 63.971 29.430 64.099 29.392 64.118 29.414 64.172 29.460 64.266 29.507 64.394 29.544 64.521 29.565 64.704 29.567 64.827 29.564 64.919 29.553 65.095 29.559 65.180 29.578 65.471 29.652 65.666 29.701 65.962 29.779 66.177 29.836 66.231 29.866 66.287 29.920 66.313 29.969 66.247 30.043 66.238 30.110 66.282 30.193 66.305 30.321 66.301 30.503 66.287 30.608 66.347 30.803 66.397 30.912 66.497 30.965 66.567 30.997 66.596 31.020 66.624 31.046 66.731 31.195 66.829 31.264 66.924 31.306 67.028 31.300 67.116 31.243 67.287 31.218 67.453 31.235 67.596 31.278 67.661 31.313 67.738 31.344 67.733 31.379 67.647 31.410 67.598 31.453 67.578 31.506 67.627 31.539 67.740 31.548 68.017 31.678 68.130 31.763 68.161 31.803 68.214 31.807 68.320 31.768 68.443 31.754 68.521 31.794 68.598 31.803 68.673 31.760 68.714 31.708 68.782 31.646 68.869 31.634 68.973 31.667 69.083 31.738 69.187 31.838 69.279 31.937 69.257 32.249 69.241 32.434 69.290 32.531 69.359 32.590 69.405 32.683 69.405 32.764 69.453 32.833 69.502 33.020 69.568 33.064 69.704 33.095 69.920 33.112 70.090 33.198 70.261 33.289 70.284 33.369 70.220 33.455 70.134 33.621 70.057 33.720 69.868 33.898 69.890 34.007 69.995 34.052 70.254 33.976 70.326 33.961 70.416 33.950 70.654 33.952 70.848 33.982 71.052 34.050 71.091 34.120 71.089 34.204 71.092 34.273 71.096 34.369 71.023 34.431 70.979 34.486 70.966 34.530 71.016 34.555 71.066 34.600 71.113 34.682 71.226 34.780 71.294 34.868 71.358 34.910 71.455 34.967 71.517 35.051 71.545 35.101 71.602 35.151 71.620 35.183 71.605 35.212 71.577 35.248 71.545 35.289 71.545 35.329 71.572 35.370 71.601 35.408 71.587 35.461 71.572 35.547 71.519 35.598 71.484 35.715 71.428 35.834 71.398 35.880 71.343 35.939 71.220 36.001 71.185 36.042 71.233 36.122 71.313 36.171 71.463 36.293 71.546 36.378 71.620 36.436 71.716 36.427 71.773 36.432 71.822 36.486 71.921 36.534 72.096 36.634
70.947 42.249 70.860 42.207 70.765 42.194 70.715 42.169 70.663 42.107 70.613 42.055 70.584 42.036 70.540 42.039 70.489 42.080 70.416 42.079 70.329 42.028 70.226 41.946 70.096 41.820 69.960 41.754 69.788 41.697 69.664 41.672 69.565 41.629 69.401 41.542 69.368 41.491 69.249 41.460 69.154 41.425 69.065 41.367 69.043 41.264 68.987 41.205 68.851 41.124 68.737 41.042 68.663 40.962 68.584 40.876 68.559 40.829 68.557 40.765 68.594 40.711 68.601 40.660 68.573 40.623 68.496 40.609 68.415 40.619 68.292 40.656 68.160 40.722 68.112 40.754 68.048 40.809 68.057 40.861 68.090 40.960 68.113 41.029 68.059 41.061 68.020 41.096 67.991 41.130 67.936 41.197 67.866 41.180 67.805 41.164 67.735 41.187 67.528 41.177 67.372 41.170 67.225 41.162 67.039 41.153 66.814 41.142 66.750 41.157 66.710 41.179 66.669 41.271 66.645 41.349 66.602 41.494 66.573 41.607 66.538 41.741 66.515 41.889 66.499 41.995 66.329 41.998 66.193 42.001 66.010 42.005 66.011 42.089 66.013 42.194 66.016 42.315 66.050 42.473 66.063 42.605 66.078 42.767 66.089 42.873 66.100 42.991 66.006 42.955 65.901 42.915 65.803 42.877 65.736 42.972 65.670 43.065 65.571 43.205 65.496 43.311 65.367 43.372 65.270 43.418 65.171 43.494 65.085 43.574 65.003 43.649 64.905 43.715 64.812 43.694 64.706 43.653 64.604 43.613 64.496 43.572 64.443 43.551 64.318 43.559 64.209 43.566 64.013 43.578 63.848 43.588 63.680 43.599 63.445 43.613 63.207 43.628 63.048 43.609 62.846 43.584 62.634 43.558 62.459 43.537 62.238 43.510 62.072 43.489 61.990 43.492 61.888 43.577 61.723 43.714 61.624 43.796 61.526 43.877 61.385 43.994 61.272 44.082 61.161 44.169 61.097 44.248 61.065 44.348 61.008 44.394 60.879 44.455 60.741 44.521 60.603 44.587 60.465 44.652 60.327 44.718 60.189 44.784 60.050 44.850 59.912 44.916 59.774 44.981 59.636 45.047 59.498 45.113 59.360 45.179 59.221 45.244 59.083 45.310 58.945 45.376 58.807 45.442 58.669 45.508 58.555 45.555 58.449 45.543 58.291 45.509 58.125 45.474 57.961 45.440 57.667 45.377 57.477 45.337 57.329 45.304 57.172 45.268 56.965 45.221 56.792 45.181 56.589 45.135 56.409 45.094 56.258 45.059 56.100 45.023 55.976 44.995 55.976 44.765 55.976 44.536 55.976 44.306 55.976 44.077 55.976 43.847 55.976 43.618 55.976 43.388 55.977 43.159 55.977 42.929 55.977 42.700 55.977 42.470 55.977 42.240 55.977 42.011 55.977 41.781 55.977 41.552 55.977 41.322
15.596 18.337 15.638 18.811 15.673 19.207 15.699 19.495 15.735 19.904 15.766 19.983 15.949 20.303 15.963 20.346 15.929 20.400 15.668 20.672 15.587 20.733 15.540 20.875 15.607 20.954 15.294 21.412 15.216 21.467 15.182 21.523 15.178 21.606 15.172 21.922 15.089 22.418 14.979 22.996
11.968 23.518 12.489 23.402 12.984 23.291 13.481 23.180 13.599 23.120 13.863 22.902 14.201 22.624 14.216 22.620 14.231 22.618 14.556 22.783 14.979 22.996
4.231 18.139 4.230 18.411 4.229 18.704 4.228 18.968 4.228 19.143
5.790 49.538 5.823 49.505 5.901 49.490 5.929 49.478 5.959 49.455 6.011 49.445 6.074 49.455 6.120 49.485 6.181 49.499 6.242 49.494 6.277 49.478 6.344 49.453
56.080 26.063 56.117 26.068 56.167 26.047 56.173 25.945 56.154 25.849 56.152 25.746 56.145 25.691 56.184 25.645 56.250 25.625 56.279 25.628 56.298 25.651
45.504 40.665 45.479 40.648 45.479 40.607 45.514 40.600 45.552 40.616 45.562 40.649 45.534 40.664 45.504 40.665 45.504 40.665 45.504 40.665 45.504 40.665 45.504 40.665 45.504 40.665 45.504 40.665 45.504 40.665 45.504 40.665 45.504 40.665 45.504 40.665 45.504 40.665 45.504 40.665
44.994 41.086 44.961 41.079 44.959 41.053 44.969 41.027 45.002 41.016 45.024 41.027 45.029 41.054 45.021 41.078 44.994 41.086 44.994 41.086 44.994 41.086 44.994 41.086 44.994 41.086 44.994 41.086 44.994 41.086 44.994 41.086 44.994 41.086 44.994 41.086 44.994 41.086 44.994 41.086 44.994 41.086
12.441 43.982 12.397 43.935 12.426 43.894 12.485 43.901 12.515 43.953 12.504 43.990 12.441 43.982 12.441 43.982 12.441 43.982 12.441 43.982 12.441 43.982 12.441 43.982 12.441 43.982 12.441 43.982 12.441 43.982 12.441 43.982 12.441 43.982 12.441 43.982 12.441 43.982
70.572 41.025 70.550 41.015 70.569 40.982 70.623 40.934 70.653 40.937 70.649 40.961 70.618 41.002 70.572 41.025 70.572 41.025 70.572 41.025 70.572 41.025 70.572 41.025 70.572 41.025 70.572 41.025 70.572 41.025 70.572 41.025 70.572 41.025 70.572 41.025 70.572 41.025 70.572 41.025
26.619 48.260 26.640 48.294 26.847 48.387 26.901 48.372 27.009 48.368 27.228 48.371 27.337 48.433 27.404 48.416 27.458 48.443 27.549 48.478 27.562 48.470 27.574 48.465 27.714 48.449 27.820 48.416 27.891 48.365 27.963 48.334 28.038 48.321 28.080 48.296 28.088 48.257 28.159 48.238 28.291 48.239 28.347 48.213 28.327 48.161 28.341 48.144 28.388 48.162 28.423 48.147 28.442 48.109 28.463 48.091 28.530 48.150 28.602 48.144 28.774 48.120 28.866 47.996 28.923 47.951 28.973 47.933 29.037 47.952 29.093 47.975 29.125 47.965 29.195 47.882 29.211 47.775 29.211 47.732 29.186 47.659 29.151 47.581 29.123 47.530 29.135 47.490 29.160 47.456 29.201 47.444 29.334 47.376 29.383 47.328 29.456 47.293 29.511 47.291 29.539 47.271 29.549 47.247 29.542 47.186 29.511 47.128 29.515 47.091 29.563 47.048 29.569 46.997 29.572 46.964 29.598 46.939 29.720 46.883 29.878 46.829 29.918 46.782 29.942 46.724 29.935 46.625 29.924 46.539 30.131 46.423 30.107 46.402 30.076 46.378 29.878 46.360 29.838 46.351 29.752 46.438 29.707 46.449 29.665 46.417 29.615 46.399 29.555 46.408 29.491 46.435 29.459 46.454 29.433 46.456 29.393 46.437 29.340 46.445 29.305 46.467 29.255 46.393 29.224 46.377 29.205 46.379 29.201 46.505 29.186 46.524 29.146 46.527 29.050 46.497 28.958 46.458 28.927 46.424 28.931 46.362 28.944 46.288 29.006 46.176 28.972 46.128 28.948 46.050 28.850 45.979 28.739 45.937 28.729 45.852 28.668 45.794 28.562 45.736 28.492 45.666 28.510 45.618 28.514 45.572 28.502 45.542 28.499 45.518 28.471 45.507 28.310 45.499 28.265 45.484 28.212 45.450
67.759 37.172 67.766 37.140 67.834 37.064 67.958 36.972 68.068 36.950 68.212 37.022 68.261 37.013 68.285 37.036 68.300 37.088 68.387 37.137 68.547 37.183 68.637 37.224 68.669 37.258 68.723 37.268 68.782 37.258 68.824 37.271 68.838 37.303 68.855 37.317 68.885 37.328 68.912 37.334 68.960 37.325 69.050 37.267 69.180 37.158 69.265 37.108 69.304 37.117 69.354 37.150 69.415 37.208 69.430 37.291 69.399 37.399 69.420 37.487 69.492 37.553 69.626 37.594 69.821 37.610 69.941 37.600 69.985 37.566 70.045 37.547 70.120 37.543 70.189 37.582 70.251 37.664 70.255 37.765 70.199 37.886 70.215 37.924 70.239 37.941 70.313 37.985 70.418 38.075 70.519 38.192 70.616 38.334 70.736 38.423 70.879 38.456 71.052 38.418 71.256 38.307 71.333 38.170 71.283 38.008 71.279 37.918 71.320 37.902 71.390 37.906 71.488 37.932 71.552 37.933 71.582 37.910 71.580 37.864 71.546 37.796 71.505 37.603 71.480 37.436 71.455 37.272 71.433 37.128 71.472 37.015 71.531 36.845 71.598 36.733 71.666 36.697 71.734 36.684 71.802 36.694 71.942 36.766 72.154 36.901
66.522 37.348 66.828 37.371 67.069 37.335 67.195 37.235 67.320 37.210 67.442 37.258 67.517 37.267 67.547 37.236 67.607 37.223 67.700 37.227 67.753 37.200 67.759 37.172
61.262 35.620 61.345 35.630 61.378 35.593 61.422 35.546 61.543 35.458 61.621 35.432 61.720 35.419 61.841 35.431 61.938 35.448 61.984 35.444 62.090 35.380 62.213 35.290 62.253 35.250 62.271 35.189 62.308 35.171 62.387 35.231 62.463 35.251 62.533 35.240 62.611 35.233 62.688 35.255 62.723 35.271 62.858 35.350 62.980 35.409 63.057 35.446 63.084 35.568 63.119 35.638 63.170 35.678 63.151 35.728 63.130 35.767 63.109 35.819 63.130 35.846 63.179 35.858 63.302 35.858 63.517 35.913 63.697 35.968 63.862 36.012 63.938 36.020 64.010 36.012 64.042 36.025 64.051 36.068 64.092 36.113 64.184 36.149 64.358 36.226 64.511 36.341 64.566 36.428 64.603 36.555 64.674 36.750 64.753 36.965 64.782 37.059 64.816 37.132 64.952 37.194 65.090 37.238 65.304 37.247 65.555 37.251 65.608 37.368 65.641 37.468 65.683 37.519 65.744 37.561 65.765 37.569 65.901 37.508 66.108 37.415 66.350 37.368 66.472 37.345 66.522 37.348
28.148 56.143 28.118 56.146 28.032 56.133 27.896 56.076 27.694 55.942 27.642 55.912 27.589 55.809 27.577 55.799 27.459 55.803 27.427 55.806 27.309 55.804 27.053 55.831 26.953 55.813 26.822 55.709 26.772 55.694 26.620 55.680 26.594 55.668
28.212 45.450 28.318 45.347 28.451 45.292 28.761 45.234 28.788 45.241 28.791 45.252 28.770 45.267 28.767 45.286 28.782 45.310 28.824 45.311 28.894 45.290 29.027 45.321 29.224 45.403 29.404 45.420 29.568 45.371 29.652 45.314 29.706 45.260
21.360 44.827 21.523 44.790 21.597 44.755 21.636 44.710 21.740 44.681 21.909 44.666 22.027 44.620 22.093 44.542 22.201 44.561 22.351 44.676 22.498 44.706 22.642 44.651 22.721 44.606 22.734 44.570 22.701 44.556 22.620 44.562 22.554 44.540 22.502 44.490 22.495 44.435 22.531 44.378 22.582 44.338 22.648 44.316 22.683 44.286 22.688 44.248 22.705 44.238
56.234 25.304 56.216 25.267 56.211 25.213 56.240 25.209 56.282 25.236 56.288 25.279 56.277 25.301 56.234 25.304 56.234 25.304 56.234 25.304 56.234 25.304 56.234 25.304
71.737 39.981 71.681 39.969 71.669 39.946 71.706 39.917 71.753 39.907 71.780 39.950 71.790 39.995 71.765 39.993 71.737 39.981 71.737 39.981 71.737 39.981 71.737 39.981 71.737 39.981
-71.934 45.007 -71.518 45.008 -71.419 45.200 -71.327 45.290 -71.202 45.260 -71.135 45.263 -71.085 45.294 -71.060 45.309 -71.000 45.337 -70.960 45.333 -70.926 45.291 -70.898 45.262 -70.865 45.271 -70.837 45.311 -70.838 45.366 -70.799 45.405 -70.753 45.411 -70.711 45.409 -70.690 45.428 -70.692 45.455 -70.707 45.499 -70.702 45.551 -70.596 45.644 -70.467 45.707 -70.421 45.738 -70.408 45.802 -70.333 45.868 -70.296 45.906 -70.287 45.939 -70.306 45.980 -70.305 46.057 -70.279 46.150 -70.248 46.251 -70.180 46.342 -70.067 46.441 -70.038 46.571 -70.008 46.709 -69.872 46.843 -69.718 46.995 -69.630 47.081 -69.471 47.239 -69.359 47.351 -69.302 47.402 -69.243 47.463 -69.146 47.445 -69.050 47.427 -69.064 47.338 -69.054 47.295 -69.049 47.274 -69.003 47.236 -68.937 47.211 -68.887 47.203 -68.829 47.203 -68.669 47.253 -68.480 47.286 -68.377 47.316 -68.358 47.345 -68.311 47.354 -68.235 47.346 -68.097 47.275 -67.935 47.168 -67.807 47.083 -67.803 46.936 -67.800 46.780 -67.798 46.616 -67.796 46.498 -67.793 46.337 -67.790 46.209 -67.786 46.042 -67.785 45.953 -67.767 45.927 -67.778 45.892 -67.782 45.874 -67.781 45.860 -67.774 45.843 -67.775 45.818 -67.792 45.796 -67.800 45.770 -67.802 45.728 -67.785 45.702 -67.755 45.686 -67.731 45.686 -67.699 45.671 -67.658 45.644 -67.596 45.621 -67.531 45.613 -67.487 45.618 -67.433 45.603 -67.414 45.566 -67.424 45.530 -67.455 45.514 -67.488 45.501 -67.494 45.474 -67.477 45.446 -67.454 45.421 -67.428 45.378 -67.439 45.340 -67.462 45.309 -67.473 45.276 -67.453 45.248 -67.400 45.210 -67.367 45.174 -67.315 45.154 -67.291 45.168 -67.271 45.187 -67.250 45.201 -67.213 45.193 -67.171 45.182 -67.125 45.169
7.439 43.750 7.437 43.761 7.414 43.771 7.395 43.765 7.380 43.753 7.378 43.732
12.431 41.905 12.438 41.906 12.439 41.898 12.431 41.898 12.427 41.901 12.431 41.905 12.431 41.905
70.612 39.787 70.560 39.791 70.519 39.828 70.489 39.863 70.483 39.883 70.498 39.882 70.567 39.867 70.664 39.855 70.698 39.846 70.702 39.825 70.612 39.787
71.216 39.907 71.206 39.893 71.156 39.883 71.064 39.885 71.012 39.895 71.044 39.976 71.045 39.993 71.041 39.995 71.015 40.006 70.974 40.039 70.961 40.088 70.976 40.133 71.005 40.152 71.024 40.149 71.080 40.080 71.130 40.060 71.229 40.048 71.179 39.980 71.216 39.907
-1.275 32.089 -1.226 32.107 -1.226 32.165 -1.262 32.271 -1.240 32.338 -1.163 32.399 -1.066 32.468 -1.111 32.552 -1.188 32.608 -1.296 32.676 -1.352 32.703 -1.450 32.785 -1.510 32.878 -1.551 33.074 -1.625 33.183 -1.679 33.319 -1.631 33.567 -1.703 33.717 -1.714 33.782 -1.715 33.858 -1.693 33.990 -1.707 34.176 -1.792 34.368 -1.752 34.433 -1.733 34.467 -1.739 34.496 -1.817 34.557 -1.850 34.607 -1.832 34.655 -1.792 34.723 -1.796 34.752 -1.921 34.836 -2.132 34.971 -2.191 35.030 -2.220 35.104
33.594 46.096 33.654 46.146 33.660 46.220 33.807 46.208 34.027 46.107 34.128 46.090 34.224 46.101 34.354 46.062 34.450 45.966 34.523 45.977 34.687 45.977 34.794 45.892 34.800 45.791 34.946 45.729 35.002 45.733
71.948 28.177 71.889 28.047 71.870 27.963 71.717 27.915 71.543 27.870 71.290 27.855 71.185 27.832 70.875 27.714 70.798 27.710 70.737 27.729 70.692 27.769 70.649 27.835 70.629 27.937 70.569 27.984 70.489 28.023 70.404 28.025 70.318 27.982 70.244 27.934 70.194 27.895 70.145 27.849 70.050 27.695 69.896 27.474 69.725 27.313 69.661 27.264 69.622 27.228 69.568 27.175 69.537 27.123 69.494 26.954 69.470 26.804 69.481 26.771 69.507 26.743 69.601 26.699 69.736 26.627 69.911 26.586 70.059 26.579 70.115 26.548 70.148 26.506 70.157 26.471 70.149 26.348 70.133 26.215 70.078 26.072 70.079 25.990 70.100 25.910 70.265 25.707 70.325 25.686 70.449 25.681 70.506 25.685 70.570 25.706 70.615 25.692 70.648 25.667 70.657 25.626 70.652 25.423 70.702 25.331 70.800 25.206 70.878 25.063 70.951 24.892 71.021 24.758 71.048 24.688 71.002 24.654 70.976 24.619 70.970 24.572 70.979 24.522 70.973 24.487 71.006 24.444 71.045 24.430 71.044 24.400 70.983 24.361 70.928 24.362 70.886 24.344 70.805 24.262 70.767 24.245 70.716 24.238 70.659 24.246 70.579 24.279 70.556 24.331 70.565 24.386 70.547 24.418 70.489 24.412 70.289 24.356 70.098 24.287 70.065 24.241 70.021 24.192 69.934 24.171 69.805 24.165 69.716 24.173 69.634 24.225 69.559 24.273 69.443 24.275 69.235 24.268 69.120 24.269 69.052 24.286 68.985 24.273 68.901 24.292 68.863 24.266 68.828 24.264 68.800 24.309 68.781 24.314 68.759 24.307 68.740 24.292 68.728 24.266 68.724 23.965 68.587 23.967 68.489 23.967 68.381 23.951 68.283 23.928 68.234 23.901 68.165 23.857
36.694 45.622 36.691 45.431 36.659 45.347 36.615 45.318 36.589 45.300 36.636 45.260 36.617 45.228 36.509 45.200 36.537 45.132 36.597 45.031 36.612 44.953
23.605 51.518 23.540 51.619 23.545 51.710 23.581 51.762 23.626 51.809 23.607 51.880 23.651 51.973 23.652 52.040 23.633 52.070 23.598 52.103 23.501 52.140 23.458 52.170 23.327 52.208 23.197 52.257 23.175 52.287 23.181 52.307 23.204 52.338 23.303 52.428 23.411 52.516 23.480 52.552 23.845 52.664 23.901 52.704 23.915 52.770 23.916 52.819 23.909 52.905 23.887 53.028 23.859 53.112 23.789 53.271 23.599 53.599 23.485 53.940
46.114 38.878 46.170 38.869 46.318 38.913 46.491 38.907
44.783 39.685 44.817 39.650 44.838 39.629 45.000 39.424 45.072 39.363 45.113 39.312 45.141 39.254 45.191 39.216 45.256 39.195 45.336 39.139 45.389 39.096 45.480 39.006 45.575 38.973 45.922 38.908 46.114 38.878 46.114 38.878
46.491 38.907 46.491 38.907 46.555 38.904 46.783 39.087 46.853 39.148 46.989 39.180 47.065 39.253 47.188 39.341 47.338 39.424 47.476 39.498 47.582 39.543 47.773 39.649 47.892 39.685 47.996 39.684 48.151 39.561 48.282 39.448 48.322 39.399 48.257 39.355 48.136 39.312 48.113 39.281 48.104 39.241 48.109 39.203 48.125 39.172 48.274 39.099 48.291 39.059 48.292 39.019 48.275 38.994 48.242 38.979 48.139 38.959 48.050 38.935 48.019 38.912 47.993 38.884 47.996 38.854 48.023 38.819 48.205 38.724 48.225 38.689 48.261 38.642 48.306 38.613 48.381 38.606 48.417 38.586 48.593 38.411 48.636 38.399 48.840 38.437 48.869 38.436
